  CuriousContraptions -> /Users/aidan/dev/personal/tim/.godot/mono/temp/bin/Release/CuriousContraptions.dll
  CuriousContraptions.web -> /Users/aidan/dev/personal/tim/CuriousContraptions.web/bin/Release/net10.0/browser-wasm/CuriousContraptions.web.dll
  Godot Engine (2dog) v4.7.2.stable.mono.2dog.161236340 (2026-09-24 19:51:42 UTC) - https://2dog.dev
  
  [   0% ] [90m[1mfirst_scan_filesystem[22m | Started Project initialization (5 steps)[39m[0m
  [   0% ] [90m[1mfirst_scan_filesystem[22m | Scanning file structure...[39m[0m
  [  16% ] [90m[1mfirst_scan_filesystem[22m | Loading global class names...[39m[0m
  [  33% ] [90m[1mfirst_scan_filesystem[22m | Verifying GDExtensions...[39m[0m
  [  50% ] [90m[1mfirst_scan_filesystem[22m | Creating autoload scripts...[39m[0m
  [  66% ] [90m[1mfirst_scan_filesystem[22m | Initializing plugins...[39m[0m
  [  83% ] [90m[1mfirst_scan_filesystem[22m | Starting file scan...[39m[0m
  [92m[ DONE ][39m [1mfirst_scan_filesystem[22m
  [0m
  [   0% ] [90m[1mreimport[22m | Started (Re)Importing Assets (1 steps)[39m[0m
  [   0% ] [90m[1mreimport[22m | Preparing files to reimport...[39m[0m
  [   0% ] [90m[1mreimport[22m | Executing pre-reimport operations...[39m[0m
  [   0% ] [90m[1mreimport[22m | committed-compliant-production-loaded.png[39m[0m
  [  50% ] [90m[1mreimport[22m | Finalizing Asset Import...[39m[0m
  [92m[ DONE ][39m [1mreimport[22m
  [0m
  [   0% ] [90m[1mreimport[22m | Started (Re)Importing Assets (1 steps)[39m[0m
  [   0% ] [90m[1mreimport[22m | Executing post-reimport operations...[39m[0m
  [92m[ DONE ][39m [1mreimport[22m
  [0m
  [   0% ] [90m[1mloading_editor_layout[22m | Started Loading editor (5 steps)[39m[0m
  [   0% ] [90m[1mloading_editor_layout[22m | Loading editor layout...[39m[0m
  [  16% ] [90m[1mloading_editor_layout[22m | Loading docks...[39m[0m
  [92m[ DONE ][39m [1mloading_editor_layout[22m
  [0m
  TwoDog: Imported Godot project /Users/aidan/dev/personal/tim
  Optimizing assemblies for size. This process might take a while.
  Godot Engine (2dog) v4.7.2.stable.mono.2dog.161236340 (2026-09-24 19:51:42 UTC) - https://2dog.dev
  
  [   0% ] [90m[1mfirst_scan_filesystem[22m | Started Project initialization (5 steps)[39m[0m
  [   0% ] [90m[1mfirst_scan_filesystem[22m | Scanning file structure...[39m[0m
  [  16% ] [90m[1mfirst_scan_filesystem[22m | Loading global class names...[39m[0m
  [  33% ] [90m[1mfirst_scan_filesystem[22m | Verifying GDExtensions...[39m[0m
  [  50% ] [90m[1mfirst_scan_filesystem[22m | Creating autoload scripts...[39m[0m
  [  66% ] [90m[1mfirst_scan_filesystem[22m | Initializing plugins...[39m[0m
  [  83% ] [90m[1mfirst_scan_filesystem[22m | Starting file scan...[39m[0m
  [92m[ DONE ][39m [1mfirst_scan_filesystem[22m
  [0m
  [   0% ] [90m[1msavepack[22m | Started Packing (102 steps)[39m[0m
  [   1% ] [90m[1msavepack[22m | Storing File: res://.godot/imported/arrow-down.svg-c05bab584750d7558e6068fdff46136a.ctex[39m[0m
  [   1% ] [90m[1msavepack[22m | Storing File: res://assets/icons/arrow-down.svg.import[39m[0m
  [   1% ] [90m[1msavepack[22m | Storing File: res://.godot/imported/arrow-up.svg-b58179c0aa7701f18ec5049fc5f1cabf.ctex[39m[0m
  [   1% ] [90m[1msavepack[22m | Storing File: res://assets/icons/arrow-up.svg.import[39m[0m
  [   1% ] [90m[1msavepack[22m | Storing File: res://.godot/imported/folder-open.svg-2fec95b9e3935e03a514233b7db273ec.ctex[39m[0m
  [   1% ] [90m[1msavepack[22m | Storing File: res://assets/icons/folder-open.svg.import[39m[0m
  [   1% ] [90m[1msavepack[22m | Storing File: res://.godot/imported/lightbulb.svg-c3ce31e298346e15873588553ad8101d.ctex[39m[0m
  [   1% ] [90m[1msavepack[22m | Storing File: res://assets/icons/lightbulb.svg.import[39m[0m
  [   1% ] [90m[1msavepack[22m | Storing File: res://.godot/imported/link.svg-f9bf693e1d2edc894ba2c5dd30f49784.ctex[39m[0m
  [   1% ] [90m[1msavepack[22m | Storing File: res://assets/icons/link.svg.import[39m[0m
  [   2% ] [90m[1msavepack[22m | Storing File: res://.godot/imported/minus.svg-60d7ca62d05d261dd2c33f2d69b057a2.ctex[39m[0m
  [   2% ] [90m[1msavepack[22m | Storing File: res://assets/icons/minus.svg.import[39m[0m
  [   2% ] [90m[1msavepack[22m | Storing File: res://.godot/imported/move-vertical.svg-ddb978417a7cf062e11656d0595d4c89.ctex[39m[0m
  [   2% ] [90m[1msavepack[22m | Storing File: res://assets/icons/move-vertical.svg.import[39m[0m
  [   2% ] [90m[1msavepack[22m | Storing File: res://.godot/imported/play.svg-e9236ccb724ef92a26e89cd871a33e4f.ctex[39m[0m
  [   2% ] [90m[1msavepack[22m | Storing File: res://assets/icons/play.svg.import[39m[0m
  [   2% ] [90m[1msavepack[22m | Storing File: res://.godot/imported/plus.svg-7395cd59506febf409a5c6656903f8e9.ctex[39m[0m
  [   2% ] [90m[1msavepack[22m | Storing File: res://assets/icons/plus.svg.import[39m[0m
  [   2% ] [90m[1msavepack[22m | Storing File: res://.godot/imported/rotate-ccw.svg-81650ed3b7a1a89776d84f13a2b56bc9.ctex[39m[0m
  [   2% ] [90m[1msavepack[22m | Storing File: res://assets/icons/rotate-ccw.svg.import[39m[0m
  [   3% ] [90m[1msavepack[22m | Storing File: res://.godot/imported/rotate-cw.svg-87bc9de6eb1bcc348990f7a8633f6713.ctex[39m[0m
  [   3% ] [90m[1msavepack[22m | Storing File: res://assets/icons/rotate-cw.svg.import[39m[0m
  [   3% ] [90m[1msavepack[22m | Storing File: res://.godot/imported/save.svg-4436a386e8aa6786c3b87b76d11469d6.ctex[39m[0m
  [   3% ] [90m[1msavepack[22m | Storing File: res://assets/icons/save.svg.import[39m[0m
  [   3% ] [90m[1msavepack[22m | Storing File: res://.godot/imported/sliders-horizontal.svg-19dd15ef2c0b3b7758dde4d42531b2e9.ctex[39m[0m
  [   3% ] [90m[1msavepack[22m | Storing File: res://assets/icons/sliders-horizontal.svg.import[39m[0m
  [   3% ] [90m[1msavepack[22m | Storing File: res://.godot/imported/square.svg-d26425a344693024394447a10e6b49f3.ctex[39m[0m
  [   3% ] [90m[1msavepack[22m | Storing File: res://assets/icons/square.svg.import[39m[0m
  [   3% ] [90m[1msavepack[22m | Storing File: res://.godot/imported/trash.svg-f38b5333a858794f2eaa17abdd7d010e.ctex[39m[0m
  [   3% ] [90m[1msavepack[22m | Storing File: res://assets/icons/trash.svg.import[39m[0m
  [   4% ] [90m[1msavepack[22m | Storing File: res://.godot/imported/undo-2.svg-326c8d4e441b636631370306fa201def.ctex[39m[0m
  [   4% ] [90m[1msavepack[22m | Storing File: res://assets/icons/undo-2.svg.import[39m[0m
  [   4% ] [90m[1msavepack[22m | Storing File: res://.godot/imported/x.svg-521876a1ce6500a0794bff7c22c09e07.ctex[39m[0m
  [   4% ] [90m[1msavepack[22m | Storing File: res://assets/icons/x.svg.import[39m[0m
  [   4% ] [90m[1msavepack[22m | Storing File: res://.godot/imported/zoom-in.svg-96c81ead79038b49c8e7f7fb36d01d44.ctex[39m[0m
  [   4% ] [90m[1msavepack[22m | Storing File: res://assets/icons/zoom-in.svg.import[39m[0m
  [   4% ] [90m[1msavepack[22m | Storing File: res://.godot/imported/zoom-out.svg-fa969df5f772a3937c1ae70c0bc4956e.ctex[39m[0m
  [   4% ] [90m[1msavepack[22m | Storing File: res://assets/icons/zoom-out.svg.import[39m[0m
  [   4% ] [90m[1msavepack[22m | Storing File: res://content/puzzles.json[39m[0m
  [   5% ] [90m[1msavepack[22m | Storing File: res://diagnostics/BackendQualificationDiagnostics.cs[39m[0m
  [   5% ] [90m[1msavepack[22m | Storing File: res://diagnostics/ExactPlaytestEnumConverter.cs[39m[0m
  [   5% ] [90m[1msavepack[22m | Storing File: res://diagnostics/GeneralBodyQualification.cs[39m[0m
  [   5% ] [90m[1msavepack[22m | Storing File: res://diagnostics/GeneralCollisionQualification.cs[39m[0m
  [   5% ] [90m[1msavepack[22m | Storing File: res://diagnostics/GeneralConstraintQualification.cs[39m[0m
  [   6% ] [90m[1msavepack[22m | Storing File: res://diagnostics/GeneralHollowQualification.cs[39m[0m
  [   6% ] [90m[1msavepack[22m | Storing File: res://diagnostics/GeneralImpactEffectQualification.cs[39m[0m
  [   6% ] [90m[1msavepack[22m | Storing File: res://diagnostics/GeneralImpulseQualification.cs[39m[0m
  [   6% ] [90m[1msavepack[22m | Storing File: res://diagnostics/GeneralJointBoundaryQualification.cs[39m[0m
  [   6% ] [90m[1msavepack[22m | Storing File: res://diagnostics/GeneralJointQualification.cs[39m[0m
  [   7% ] [90m[1msavepack[22m | Storing File: res://diagnostics/GeneralJointRangeQualification.cs[39m[0m
  [   7% ] [90m[1msavepack[22m | Storing File: res://diagnostics/GeneralManifoldQualification.cs[39m[0m
  [   7% ] [90m[1msavepack[22m | Storing File: res://diagnostics/GeneralMotorQualification.cs[39m[0m
  [   7% ] [90m[1msavepack[22m | Storing File: res://diagnostics/GeneralMultiBodyQualification.cs[39m[0m
  [   7% ] [90m[1msavepack[22m | Storing File: res://diagnostics/GeneralPenetrationQualification.cs[39m[0m
  [   8% ] [90m[1msavepack[22m | Storing File: res://diagnostics/GeneralPersistenceQualification.cs[39m[0m
  [   8% ] [90m[1msavepack[22m | Storing File: res://diagnostics/GeneralProjectionQualification.cs[39m[0m
  [   8% ] [90m[1msavepack[22m | Storing File: res://diagnostics/GeneralRoutedRopeQualification.cs[39m[0m
  [   8% ] [90m[1msavepack[22m | Storing File: res://diagnostics/GeneralSignedSweepQualification.cs[39m[0m
  [   8% ] [90m[1msavepack[22m | Storing File: res://diagnostics/GeneralSpatialQualification.cs[39m[0m
  [   9% ] [90m[1msavepack[22m | Storing File: res://diagnostics/GeneralTrajectoryQualification.cs[39m[0m
  [   9% ] [90m[1msavepack[22m | Storing File: res://diagnostics/GeneralWorldQualification.cs[39m[0m
  [   9% ] [90m[1msavepack[22m | Storing File: res://diagnostics/PerformanceProtocol.cs[39m[0m
  [   9% ] [90m[1msavepack[22m | Storing File: res://diagnostics/PhysicsBackendMotionProbe.cs[39m[0m
  [   9% ] [90m[1msavepack[22m | Storing File: res://diagnostics/PhysicsBackendQualification.cs[39m[0m
  [  10% ] [90m[1msavepack[22m | Storing File: res://engine/ScenePhysicsAssembly.cs[39m[0m
  [  10% ] [90m[1msavepack[22m | Storing File: res://engine/physics/AccelerationDrive.cs[39m[0m
  [  10% ] [90m[1msavepack[22m | Storing File: res://engine/physics/DrivenSurface.cs[39m[0m
  [  10% ] [90m[1msavepack[22m | Storing File: res://engine/ElectricalNetwork.cs[39m[0m
  [  10% ] [90m[1msavepack[22m | Storing File: res://engine/SceneResidenceSensorDeclaration.cs[39m[0m
  [  11% ] [90m[1msavepack[22m | Storing File: res://engine/BinaryCircuit.cs[39m[0m
  [  11% ] [90m[1msavepack[22m | Storing File: res://.godot/exported/133200997/export-8d290f82084d1816d3affae4e79090de-hold_timer.scn[39m[0m
  [  11% ] [90m[1msavepack[22m | Storing File: res://.godot/exported/133200997/export-8d6f6f915a20366defd07cfcdc74c576-yellow_receiver.res[39m[0m
  [  11% ] [90m[1msavepack[22m | Storing File: res://.godot/exported/133200997/export-6dd2cfb66a486abb5937e2f72e881905-bellows.res[39m[0m
  [  11% ] [90m[1msavepack[22m | Storing File: res://.godot/exported/133200997/export-230b7cf8d62b7f918a1b26f537a3cf74-bowling.res[39m[0m
  [  12% ] [90m[1msavepack[22m | Storing File: res://engine/physics/TransferStepError.cs[39m[0m
  [  12% ] [90m[1msavepack[22m | Storing File: res://.godot/exported/133200997/export-6c8c3f63d33434a9b9598328e97f1170-electrical_xor.scn[39m[0m
  [  12% ] [90m[1msavepack[22m | Storing File: res://.godot/exported/133200997/export-f9ef7949f23983efd38da09017531f0a-balloon.res[39m[0m
  [  12% ] [90m[1msavepack[22m | Storing File: res://engine/physics/CoupledImpulsePair.cs[39m[0m
  [  12% ] [90m[1msavepack[22m | Storing File: res://parts/PipeArt.cs[39m[0m
  [  13% ] [90m[1msavepack[22m | Storing File: res://ui/ConnectionChoice.cs[39m[0m
  [  13% ] [90m[1msavepack[22m | Storing File: res://engine/SceneRotaryShaft.cs[39m[0m
  [  13% ] [90m[1msavepack[22m | Storing File: res://engine/physics/TransferSpeedPath.cs[39m[0m
  [  13% ] [90m[1msavepack[22m | Storing File: res://engine/physics/SupportFeature.cs[39m[0m
  [  13% ] [90m[1msavepack[22m | Storing File: res://engine/physics/MechanicalTransferImpulse.cs[39m[0m
  [  14% ] [90m[1msavepack[22m | Storing File: res://engine/presentation/AnimationImpulseDefinition.cs[39m[0m
  [  14% ] [90m[1msavepack[22m | Storing File: res://engine/physics/PrescribedBodyMotion.cs[39m[0m
  [  14% ] [90m[1msavepack[22m | Storing File: res://parts/SpringPart.cs[39m[0m
  [  14% ] [90m[1msavepack[22m | Storing File: res://.godot/exported/133200997/export-3327fd24cb54efaeced734205d1557e4-optical_xor.scn[39m[0m
  [  14% ] [90m[1msavepack[22m | Storing File: res://parts/PipeBendPart.cs[39m[0m
  [  15% ] [90m[1msavepack[22m | Storing File: res://engine/bridge/ScalarRead.cs[39m[0m
  [  15% ] [90m[1msavepack[22m | Storing File: res://engine/physics/PhysicsEnergyStore.cs[39m[0m
  [  15% ] [90m[1msavepack[22m | Storing File: res://engine/bridge/CommittedPoseBuffer.Enums.cs[39m[0m
  [  15% ] [90m[1msavepack[22m | Storing File: res://engine/BodySlot.cs[39m[0m
  [  15% ] [90m[1msavepack[22m | Storing File: res://engine/SceneScalarObservation.cs[39m[0m
  [  16% ] [90m[1msavepack[22m | Storing File: res://engine/SceneBooleanObservation.cs[39m[0m
  [  16% ] [90m[1msavepack[22m | Storing File: res://engine/presentation/ScenePoseBatch.cs[39m[0m
  [  16% ] [90m[1msavepack[22m | Storing File: res://parts/LampPart.cs[39m[0m
  [  16% ] [90m[1msavepack[22m | Storing File: res://assets/icons/LICENSE.txt[39m[0m
  [  16% ] [90m[1msavepack[22m | Storing File: res://.godot/exported/133200997/export-8810d796dd1f90575f42f330f47de69f-wound_spring.scn[39m[0m
  [  17% ] [90m[1msavepack[22m | Storing File: res://engine/IResizablePart.cs[39m[0m
  [  17% ] [90m[1msavepack[22m | Storing File: res://engine/SimulationTransaction.cs[39m[0m
  [  17% ] [90m[1msavepack[22m | Storing File: res://engine/PartAssistance.cs[39m[0m
  [  17% ] [90m[1msavepack[22m | Storing File: res://parts/BeamShutterPart.cs[39m[0m
  [  17% ] [90m[1msavepack[22m | Storing File: res://engine/SpringParameter.cs[39m[0m
  [  18% ] [90m[1msavepack[22m | Storing File: res://engine/physics/LinearRigidTrajectory.cs[39m[0m
  [  18% ] [90m[1msavepack[22m | Storing File: res://engine/physics/PhysicsMotionHistory.cs[39m[0m
  [  18% ] [90m[1msavepack[22m | Storing File: res://engine/physics/PositionConstraints.cs[39m[0m
  [  18% ] [90m[1msavepack[22m | Storing File: res://.godot/exported/133200997/export-3e48c95d87189684a9ed69b59c15fa46-both_gate.res[39m[0m
  [  18% ] [90m[1msavepack[22m | Storing File: res://engine/physics/ConvexPenetration.cs[39m[0m
  [  19% ] [90m[1msavepack[22m | Storing File: res://engine/SceneCollisionGeometry.cs[39m[0m
  [  19% ] [90m[1msavepack[22m | Storing File: res://ui/PlaytestDiagnostics.cs[39m[0m
  [  19% ] [90m[1msavepack[22m | Storing File: res://engine/SceneOscillatorDeclaration.cs[39m[0m
  [  19% ] [90m[1msavepack[22m | Storing File: res://engine/physics/ImpulseSweepAcceleration.cs[39m[0m
  [  19% ] [90m[1msavepack[22m | Storing File: res://engine/bridge/CommittedPoseBuffer.cs[39m[0m
  [  20% ] [90m[1msavepack[22m | Storing File: res://engine/physics/BodyWrench.cs[39m[0m
  [  20% ] [90m[1msavepack[22m | Storing File: res://engine/physics/AdiabaticGasDischarge.cs[39m[0m
  [  20% ] [90m[1msavepack[22m | Storing File: res://.godot/exported/133200997/export-1e6bbeb9e310f12b3eacf604be2dfe16-cyan_receiver.scn[39m[0m
  [  20% ] [90m[1msavepack[22m | Storing File: res://.godot/exported/133200997/export-0c90a8ad0eca5ee46b21368e3bd4c419-counter.res[39m[0m
  [  21% ] [90m[1msavepack[22m | Storing File: res://engine/MachineWorld.Transaction.cs[39m[0m
  [  21% ] [90m[1msavepack[22m | Storing File: res://engine/MachineData.cs[39m[0m
  [  21% ] [90m[1msavepack[22m | Storing File: res://parts/PoweredGatePart.cs[39m[0m
  [  21% ] [90m[1msavepack[22m | Storing File: res://ui/PulleyRopeRoute.cs[39m[0m
  [  21% ] [90m[1msavepack[22m | Storing File: res://engine/physics/AdmissibleImpulseResponse.cs[39m[0m
  [  22% ] [90m[1msavepack[22m | Storing File: res://.godot/exported/133200997/export-5421945dd9df0bafa2ca44e5e55d0e28-fan.res[39m[0m
  [  22% ] [90m[1msavepack[22m | Storing File: res://engine/presentation/ScenePoseAsset.cs[39m[0m
  [  22% ] [90m[1msavepack[22m | Storing File: res://engine/physics/PhysicsColliderUpdate.cs[39m[0m
  [  22% ] [90m[1msavepack[22m | Storing File: res://.godot/exported/133200997/export-cb782da9cd55a10ef3eaed8279b70882-beam_combiner.scn[39m[0m
  [  22% ] [90m[1msavepack[22m | Storing File: res://engine/physics/PhysicsTiltSensor.cs[39m[0m
  [  23% ] [90m[1msavepack[22m | Storing File: res://engine/SlidingBlade.cs[39m[0m
  [  23% ] [90m[1msavepack[22m | Storing File: res://parts/BallDetectorPart.cs[39m[0m
  [  23% ] [90m[1msavepack[22m | Storing File: res://engine/physics/PhysicsWrenchCommand.cs[39m[0m
  [  23% ] [90m[1msavepack[22m | Storing File: res://.godot/exported/133200997/export-e3d85c808b9345443ba01fb8ac7daaa6-light_receiver.scn[39m[0m
  [  23% ] [90m[1msavepack[22m | Storing File: res://engine/physics/ConvexGeometry.cs[39m[0m
  [  24% ] [90m[1msavepack[22m | Storing File: res://engine/physics/ContactSlipPath.cs[39m[0m
  [  24% ] [90m[1msavepack[22m | Storing File: res://.godot/exported/133200997/export-64ccf6bd483dc51419f3407a747431ba-domino.scn[39m[0m
  [  24% ] [90m[1msavepack[22m | Storing File: res://engine/presentation/SceneAnimationRun.cs[39m[0m
  [  24% ] [90m[1msavepack[22m | Storing File: res://.godot/exported/133200997/export-c2279c4089e76c3887cb82e9aed970e6-red_filter.res[39m[0m
  [  24% ] [90m[1msavepack[22m | Storing File: res://engine/FrustumProxy.cs[39m[0m
  [  25% ] [90m[1msavepack[22m | Storing File: res://parts/FlashlightPart.cs[39m[0m
  [  25% ] [90m[1msavepack[22m | Storing File: res://.godot/exported/133200997/export-3e103ce85ebad58b42d8811f154ccc11-pressure_plate.res[39m[0m
  [  25% ] [90m[1msavepack[22m | Storing File: res://engine/SimulationState.cs[39m[0m
  [  25% ] [90m[1msavepack[22m | Storing File: res://engine/physics/JetTransferForcePath.cs[39m[0m
  [  25% ] [90m[1msavepack[22m | Storing File: res://engine/SimulationOscillators.cs[39m[0m
  [  26% ] [90m[1msavepack[22m | Storing File: res://.godot/exported/133200997/export-c53a69973bfa722ba88e2569e19537a4-tennis.res[39m[0m
  [  26% ] [90m[1msavepack[22m | Storing File: res://.godot/exported/133200997/export-08620968a94331d1396ec9be0330b6ab-red_filter.scn[39m[0m
  [  26% ] [90m[1msavepack[22m | Storing File: res://.godot/exported/133200997/export-093d7eddf1b991da765e88f1f1ec67f0-blue_filter.res[39m[0m
  [  26% ] [90m[1msavepack[22m | Storing File: res://engine/MachineWorld.cs[39m[0m
  [  26% ] [90m[1msavepack[22m | Storing File: res://parts/DominoPart.cs[39m[0m
  [  27% ] [90m[1msavepack[22m | Storing File: res://.godot/exported/133200997/export-b94d43c732ef3c492cf3dd02c03d8fa4-pulley.scn[39m[0m
  [  27% ] [90m[1msavepack[22m | Storing File: res://.godot/exported/133200997/export-432e66d9df07a68ffdceee8925bf32f7-funnel.res[39m[0m
  [  27% ] [90m[1msavepack[22m | Storing File: res://engine/physics/PlanarGuideLoad.cs[39m[0m
  [  27% ] [90m[1msavepack[22m | Storing File: res://engine/bridge/PoseReferenceBinding.cs[39m[0m
  [  27% ] [90m[1msavepack[22m | Storing File: res://.godot/exported/133200997/export-b382b7ad24319ca1c08f86e88834447b-magenta_receiver.scn[39m[0m
  [  28% ] [90m[1msavepack[22m | Storing File: res://engine/Workbench.cs[39m[0m
  [  28% ] [90m[1msavepack[22m | Storing File: res://engine/physics/GasPredictionWork.cs[39m[0m
  [  28% ] [90m[1msavepack[22m | Storing File: res://engine/OpticalColour.cs[39m[0m
  [  28% ] [90m[1msavepack[22m | Storing File: res://.godot/exported/133200997/export-1ab66466787d0de8cf71182580cf5264-wind_chimes.scn[39m[0m
  [  28% ] [90m[1msavepack[22m | Storing File: res://parts/LinearPusherPart.cs[39m[0m
  [  29% ] [90m[1msavepack[22m | Storing File: res://engine/physics/ContactPatch.cs[39m[0m
  [  29% ] [90m[1msavepack[22m | Storing File: res://.godot/exported/133200997/export-bd74b3ff4fe3508e2cf763305d5a9619-electrical_or.scn[39m[0m
  [  29% ] [90m[1msavepack[22m | Storing File: res://.godot/exported/133200997/export-9f353256abfc899051a85a23e1d32eca-optical_xor.res[39m[0m
  [  29% ] [90m[1msavepack[22m | Storing File: res://parts/OpticalLogicPart.cs[39m[0m
  [  29% ] [90m[1msavepack[22m | Storing File: res://engine/presentation/AnimationBatch.cs[39m[0m
  [  30% ] [90m[1msavepack[22m | Storing File: res://engine/AcousticAudio.cs[39m[0m
  [  30% ] [90m[1msavepack[22m | Storing File: res://engine/TubeProxy.cs[39m[0m
  [  30% ] [90m[1msavepack[22m | Storing File: res://engine/bridge/CommittedPoseBuffer.Compliant.cs[39m[0m
  [  30% ] [90m[1msavepack[22m | Storing File: res://engine/SceneImpactEffect.cs[39m[0m
  [  30% ] [90m[1msavepack[22m | Storing File: res://engine/presentation/SceneOpticalPreviews.cs[39m[0m
  [  31% ] [90m[1msavepack[22m | Storing File: res://engine/physics/BodyBoundsTree.cs[39m[0m
  [  31% ] [90m[1msavepack[22m | Storing File: res://ui/RotationGizmo.cs[39m[0m
  [  31% ] [90m[1msavepack[22m | Storing File: res://parts/BeamCombinerPart.cs[39m[0m
  [  31% ] [90m[1msavepack[22m | Storing File: res://engine/SceneTransmissionJoint.cs[39m[0m
  [  31% ] [90m[1msavepack[22m | Storing File: res://.godot/exported/133200997/export-a823832ce5fc4120fd7bd0f49a1ce2e9-latch.scn[39m[0m
  [  32% ] [90m[1msavepack[22m | Storing File: res://.godot/exported/133200997/export-047f08cb63deebc04b0d5590e334293e-wound_spring.res[39m[0m
  [  32% ] [90m[1msavepack[22m | Storing File: res://ui/WorkshopAnimation.cs[39m[0m
  [  32% ] [90m[1msavepack[22m | Storing File: res://engine/bridge/BooleanRead.cs[39m[0m
  [  32% ] [90m[1msavepack[22m | Storing File: res://engine/presentation/SceneOscillatorFeedback.cs[39m[0m
  [  32% ] [90m[1msavepack[22m | Storing File: res://parts/WeightPart.cs[39m[0m
  [  33% ] [90m[1msavepack[22m | Storing File: res://.godot/exported/133200997/export-d255c1f6900a99c858bb443e34bb97ed-yellow_receiver.scn[39m[0m
  [  33% ] [90m[1msavepack[22m | Storing File: res://.godot/exported/133200997/export-a062cf586666eca924d597c86299c2a6-pipe_bend_45.scn[39m[0m
  [  33% ] [90m[1msavepack[22m | Storing File: res://.godot/exported/133200997/export-e4af676e468008e55171391bb2e509c3-clock.res[39m[0m
  [  33% ] [90m[1msavepack[22m | Storing File: res://engine/PartParameterState.cs[39m[0m
  [  33% ] [90m[1msavepack[22m | Storing File: res://.godot/exported/133200997/export-66d418d3a6f8c19f6ea514e76d636322-bell.scn[39m[0m
  [  33% ] [90m[1msavepack[22m | Storing File: res://.godot/exported/133200997/export-d523155524b65d965bce0a5cf63e1174-optical_and.scn[39m[0m
  [  33% ] [90m[1msavepack[22m | Storing File: res://parts/MotorPart.cs[39m[0m
  [  33% ] [90m[1msavepack[22m | Storing File: res://engine/SimulationCounters.cs[39m[0m
  [  33% ] [90m[1msavepack[22m | Storing File: res://engine/physics/BodyTrajectory.cs[39m[0m
  [  33% ] [90m[1msavepack[22m | Storing File: res://.godot/exported/133200997/export-a744363d012d30aa5010b8f3723cd7f2-beam_splitter.scn[39m[0m
  [  34% ] [90m[1msavepack[22m | Storing File: res://.godot/exported/133200997/export-c6c05f53951316fc3626e42f3d812193-electrical_nand.scn[39m[0m
  [  34% ] [90m[1msavepack[22m | Storing File: res://engine/SceneCounterDeclaration.cs[39m[0m
  [  34% ] [90m[1msavepack[22m | Storing File: res://parts/TrampolinePart.cs[39m[0m
  [  34% ] [90m[1msavepack[22m | Storing File: res://ui/Workshop.cs[39m[0m
  [  34% ] [90m[1msavepack[22m | Storing File: res://engine/physics/NonlinearIteration.cs[39m[0m
  [  35% ] [90m[1msavepack[22m | Storing File: res://engine/physics/MotorPredictionSupply.cs[39m[0m
  [  35% ] [90m[1msavepack[22m | Storing File: res://engine/physics/ConstrainedPoweredImpulse.cs[39m[0m
  [  35% ] [90m[1msavepack[22m | Storing File: res://.godot/exported/133200997/export-44c91b654b8e0bfa1342f860e8e09a58-wall.res[39m[0m
  [  35% ] [90m[1msavepack[22m | Storing File: res://engine/physics/PhysicsServo.cs[39m[0m
  [  35% ] [90m[1msavepack[22m | Storing File: res://engine/physics/PhysicsRopeJoint.cs[39m[0m
  [  36% ] [90m[1msavepack[22m | Storing File: res://engine/PartOrientation.cs[39m[0m
  [  36% ] [90m[1msavepack[22m | Storing File: res://engine/physics/ConstraintMassMatrix.cs[39m[0m
  [  36% ] [90m[1msavepack[22m | Storing File: res://engine/physics/ScalarBoundarySweep.cs[39m[0m
  [  36% ] [90m[1msavepack[22m | Storing File: res://.godot/exported/133200997/export-9852f974cb3721300e897388fe203e69-beam_shutter.scn[39m[0m
  [  36% ] [90m[1msavepack[22m | Storing File: res://.godot/exported/133200997/export-a6878bd9b40315795a57d4abb2926b4b-both_gate.scn[39m[0m
  [  37% ] [90m[1msavepack[22m | Storing File: res://engine/physics/CompoundCollision.cs[39m[0m
  [  37% ] [90m[1msavepack[22m | Storing File: res://engine/SimulationLatches.cs[39m[0m
  [  37% ] [90m[1msavepack[22m | Storing File: res://engine/physics/PositionProjector.cs[39m[0m
  [  37% ] [90m[1msavepack[22m | Storing File: res://engine/physics/ConfigurationTrajectory.cs[39m[0m
  [  37% ] [90m[1msavepack[22m | Storing File: res://engine/physics/JointConstraints.cs[39m[0m
  [  38% ] [90m[1msavepack[22m | Storing File: res://engine/RopeNetwork.cs[39m[0m
  [  38% ] [90m[1msavepack[22m | Storing File: res://.godot/exported/133200997/export-41cd21597563e51ba82cd1b50356aa2d-optical_nor.res[39m[0m
  [  38% ] [90m[1msavepack[22m | Storing File: res://parts/LaserPart.cs[39m[0m
  [  38% ] [90m[1msavepack[22m | Storing File: res://.godot/exported/133200997/export-ced638eb957ab4c96ecbfb6e33bd861f-optical_nand.scn[39m[0m
  [  38% ] [90m[1msavepack[22m | Storing File: res://.godot/exported/133200997/export-d257bdafbe95953f9c4dd1ca5e50423e-pipe.res[39m[0m
  [  39% ] [90m[1msavepack[22m | Storing File: res://ui/PlacementShadows.cs[39m[0m
  [  39% ] [90m[1msavepack[22m | Storing File: res://engine/physics/RotaryCaptureMaterial.cs[39m[0m
  [  39% ] [90m[1msavepack[22m | Storing File: res://engine/physics/CompliantContactState.cs[39m[0m
  [  39% ] [90m[1msavepack[22m | Storing File: res://parts/BellPart.cs[39m[0m
  [  40% ] [90m[1msavepack[22m | Storing File: res://engine/SceneEnumObservation.cs[39m[0m
  [  40% ] [90m[1msavepack[22m | Storing File: res://.godot/exported/133200997/export-a26d711d8203f2b9392e14a2bbc6299b-ramp.res[39m[0m
  [  40% ] [90m[1msavepack[22m | Storing File: res://engine/physics/StoredFlowSource.cs[39m[0m
  [  40% ] [90m[1msavepack[22m | Storing File: res://engine/physics/ContactForce.cs[39m[0m
  [  40% ] [90m[1msavepack[22m | Storing File: res://.godot/exported/133200997/export-60dc8f1b3788288fff42d1ee058882c0-impact_lever.scn[39m[0m
  [  41% ] [90m[1msavepack[22m | Storing File: res://parts/SwitchPart.cs[39m[0m
  [  41% ] [90m[1msavepack[22m | Storing File: res://.godot/exported/133200997/export-038b4994ce868028fa73aa3e6488ae1e-electrical_nor.res[39m[0m
  [  41% ] [90m[1msavepack[22m | Storing File: res://engine/physics/MechanicalPowerPort.cs[39m[0m
  [  41% ] [90m[1msavepack[22m | Storing File: res://engine/physics/ContactSlipSweep.cs[39m[0m
  [  41% ] [90m[1msavepack[22m | Storing File: res://.godot/exported/133200997/export-f0d1dd903ea07ae1b60a86d226314b69-cannon.scn[39m[0m
  [  42% ] [90m[1msavepack[22m | Storing File: res://engine/physics/CompositePowerPort.cs[39m[0m
  [  42% ] [90m[1msavepack[22m | Storing File: res://engine/PartParameterName.cs[39m[0m
  [  42% ] [90m[1msavepack[22m | Storing File: res://parts/WoundSpringPart.cs[39m[0m
  [  42% ] [90m[1msavepack[22m | Storing File: res://.godot/exported/133200997/export-751e0fcd392c144f86d0cf23789ce9cf-delay.scn[39m[0m
  [  42% ] [90m[1msavepack[22m | Storing File: res://engine/physics/AngularPathMeasure.cs[39m[0m
  [  43% ] [90m[1msavepack[22m | Storing File: res://.godot/exported/133200997/export-cec01cabf7c8287e9a66df9dd2a2f32e-clutch.res[39m[0m
  [  43% ] [90m[1msavepack[22m | Storing File: res://engine/physics/RotaryCaptureSweep.cs[39m[0m
  [  43% ] [90m[1msavepack[22m | Storing File: res://parts/RampPart.cs[39m[0m
  [  43% ] [90m[1msavepack[22m | Storing File: res://.godot/exported/133200997/export-bc1f42d91709cb6e2da4b9bcbc25d1b9-wall.scn[39m[0m
  [  43% ] [90m[1msavepack[22m | Storing File: res://parts/SolarPanelPart.cs[39m[0m
  [  44% ] [90m[1msavepack[22m | Storing File: res://.godot/exported/133200997/export-61962b2f5e718264d4a8fbf1cc75ab50-cannon.res[39m[0m
  [  44% ] [90m[1msavepack[22m | Storing File: res://.godot/exported/133200997/export-c41f53bc01d80cafc2bafeeb98dd1b94-green_filter.scn[39m[0m
  [  44% ] [90m[1msavepack[22m | Storing File: res://engine/SceneJointDeclaration.cs[39m[0m
  [  44% ] [90m[1msavepack[22m | Storing File: res://engine/SceneRopeJoint.cs[39m[0m
  [  44% ] [90m[1msavepack[22m | Storing File: res://engine/presentation/ScalarExtentDefinition.cs[39m[0m
  [  45% ] [90m[1msavepack[22m | Storing File: res://engine/ChimeAssembly.cs[39m[0m
  [  45% ] [90m[1msavepack[22m | Storing File: res://engine/physics/JointBoundarySweep.cs[39m[0m
  [  45% ] [90m[1msavepack[22m | Storing File: res://engine/physics/RigidPoseTrajectory.cs[39m[0m
  [  45% ] [90m[1msavepack[22m | Storing File: res://.godot/exported/133200997/export-f0e7c693587b117e046cd47faf7f1a4b-lamp.res[39m[0m
  [  45% ] [90m[1msavepack[22m | Storing File: res://.godot/exported/133200997/export-1f4302ba9957568f31be555d0ffc0c0a-reverse_transmission.scn[39m[0m
  [  46% ] [90m[1msavepack[22m | Storing File: res://engine/SimulationTimers.cs[39m[0m
  [  46% ] [90m[1msavepack[22m | Storing File: res://engine/physics/PhysicsLatchedSpring.cs[39m[0m
  [  46% ] [90m[1msavepack[22m | Storing File: res://engine/presentation/SceneAcousticWavefrontRun.cs[39m[0m
  [  46% ] [90m[1msavepack[22m | Storing File: res://engine/physics/MechanicalTransferSource.cs[39m[0m
  [  46% ] [90m[1msavepack[22m | Storing File: res://engine/physics/AccelerationSolver.cs[39m[0m
  [  47% ] [90m[1msavepack[22m | Storing File: res://.godot/exported/133200997/export-658a599f58bddcbff719b3dcee9db754-clock.scn[39m[0m
  [  47% ] [90m[1msavepack[22m | Storing File: res://ui/TubePlacementSnap.cs[39m[0m
  [  47% ] [90m[1msavepack[22m | Storing File: res://engine/physics/ConvergingGasNozzle.cs[39m[0m
  [  47% ] [90m[1msavepack[22m | Storing File: res://ui/WorkshopConnections.cs[39m[0m
  [  47% ] [90m[1msavepack[22m | Storing File: res://ui/MechanicalBeltVisual.cs[39m[0m
  [  48% ] [90m[1msavepack[22m | Storing File: res://engine/physics/PhysicsJointChange.cs[39m[0m
  [  48% ] [90m[1msavepack[22m | Storing File: res://engine/physics/ConstraintGradient.cs[39m[0m
  [  48% ] [90m[1msavepack[22m | Storing File: res://.godot/exported/133200997/export-08af93026b3be976b5257515af766c4b-blue_receiver.res[39m[0m
  [  48% ] [90m[1msavepack[22m | Storing File: res://parts/ClockPart.cs[39m[0m
  [  48% ] [90m[1msavepack[22m | Storing File: res://.godot/exported/133200997/export-d4b7b6bec08c424bd24ecfd7a4058236-green_receiver.scn[39m[0m
  [  49% ] [90m[1msavepack[22m | Storing File: res://engine/physics/WrenchPathWork.cs[39m[0m
  [  49% ] [90m[1msavepack[22m | Storing File: res://.godot/exported/133200997/export-96e2f40b803fc81237113d8e977ab293-windmill.res[39m[0m
  [  49% ] [90m[1msavepack[22m | Storing File: res://.godot/exported/133200997/export-017045be76c1575121634afdfc2ff2bb-counter.scn[39m[0m
  [  49% ] [90m[1msavepack[22m | Storing File: res://engine/physics/PhysicsMotorCommand.cs[39m[0m
  [  49% ] [90m[1msavepack[22m | Storing File: res://.godot/exported/133200997/export-3116704037abe5695ddbf4bc23178cf4-solar_panel.scn[39m[0m
  [  50% ] [90m[1msavepack[22m | Storing File: res://engine/physics/SealedGasState.cs[39m[0m
  [  50% ] [90m[1msavepack[22m | Storing File: res://engine/physics/AlignedPowerPort.cs[39m[0m
  [  50% ] [90m[1msavepack[22m | Storing File: res://.godot/exported/133200997/export-141e6da4954b54b2158c42cef8b7e01c-sound_meter.res[39m[0m
  [  50% ] [90m[1msavepack[22m | Storing File: res://parts/BeamSplitterPart.cs[39m[0m
  [  50% ] [90m[1msavepack[22m | Storing File: res://.godot/exported/133200997/export-17650bfa421f71eccd1b7830c798064e-domino.res[39m[0m
  [  51% ] [90m[1msavepack[22m | Storing File: res://parts/CannonPart.cs[39m[0m
  [  51% ] [90m[1msavepack[22m | Storing File: res://.godot/exported/133200997/export-489f26a4bdfd00eb3ed594f56714838c-pipe_bend_90.res[39m[0m
  [  51% ] [90m[1msavepack[22m | Storing File: res://.godot/exported/133200997/export-0c4df791e8c9e44dc5674e819023bf61-linear_pusher.res[39m[0m
  [  51% ] [90m[1msavepack[22m | Storing File: res://engine/PerformanceContracts.cs[39m[0m
  [  51% ] [90m[1msavepack[22m | Storing File: res://engine/physics/PhysicsContactLoadSensor.cs[39m[0m
  [  52% ] [90m[1msavepack[22m | Storing File: res://.godot/exported/133200997/export-68b6cf4e93fce979270923e5bf3996a6-beam_shutter.res[39m[0m
  [  52% ] [90m[1msavepack[22m | Storing File: res://engine/physics/ConvexRounded.cs[39m[0m
  [  52% ] [90m[1msavepack[22m | Storing File: res://.godot/exported/133200997/export-1f975c5932b759ecd0bbae285968c2fe-sound_meter.scn[39m[0m
  [  52% ] [90m[1msavepack[22m | Storing File: res://.godot/exported/133200997/export-0c26d75ea1936234349d5de36085525a-weight.res[39m[0m
  [  52% ] [90m[1msavepack[22m | Storing File: res://engine/physics/ConvexSeparation.cs[39m[0m
  [  53% ] [90m[1msavepack[22m | Storing File: res://parts/ImpactLeverPart.cs[39m[0m
  [  53% ] [90m[1msavepack[22m | Storing File: res://engine/physics/SegmentOcclusionSweep.cs[39m[0m
  [  53% ] [90m[1msavepack[22m | Storing File: res://engine/physics/AirJetBoundaryPath.cs[39m[0m
  [  53% ] [90m[1msavepack[22m | Storing File: res://engine/physics/BilateralConstraintBlock.cs[39m[0m
  [  53% ] [90m[1msavepack[22m | Storing File: res://engine/physics/MechanicalTransferLedger.cs[39m[0m
  [  54% ] [90m[1msavepack[22m | Storing File: res://.godot/exported/133200997/export-4ffdfdee089c209d645c48f29adde967-red_receiver.res[39m[0m
  [  54% ] [90m[1msavepack[22m | Storing File: res://.godot/exported/133200997/export-10f4fa5426f8bce220fc67b9cc1da4e4-pipe.scn[39m[0m
  [  54% ] [90m[1msavepack[22m | Storing File: res://engine/physics/HollowGeometry.cs[39m[0m
  [  54% ] [90m[1msavepack[22m | Storing File: res://.godot/exported/133200997/export-f41c19b8b4600cadbf73bc41eddad380-bell.res[39m[0m
  [  54% ] [90m[1msavepack[22m | Storing File: res://engine/physics/PersistentContactPair.cs[39m[0m
  [  55% ] [90m[1msavepack[22m | Storing File: res://.godot/exported/133200997/export-47326c7dd2ee198a904a2b6e2080be12-goal_light.scn[39m[0m
  [  55% ] [90m[1msavepack[22m | Storing File: res://engine/physics/RigidPose.cs[39m[0m
  [  55% ] [90m[1msavepack[22m | Storing File: res://engine/SceneScalarInputDeclaration.cs[39m[0m
  [  55% ] [90m[1msavepack[22m | Storing File: res://ui/RopeVisual.cs[39m[0m
  [  55% ] [90m[1msavepack[22m | Storing File: res://.godot/exported/133200997/export-4f91ce5cb8f2a4a0edd811d08dac1249-hold_timer.res[39m[0m
  [  56% ] [90m[1msavepack[22m | Storing File: res://.godot/exported/133200997/export-066724b97ee69d18b1748218d37aec86-powered_gate.res[39m[0m
  [  56% ] [90m[1msavepack[22m | Storing File: res://engine/physics/MechanicalSourceRating.cs[39m[0m
  [  56% ] [90m[1msavepack[22m | Storing File: res://engine/physics/JetTransferImpedance.cs[39m[0m
  [  56% ] [90m[1msavepack[22m | Storing File: res://.godot/exported/133200997/export-8ab8daffae7f78a5e2c48456ae693aed-motor.scn[39m[0m
  [  56% ] [90m[1msavepack[22m | Storing File: res://engine/MachinePart.cs[39m[0m
  [  57% ] [90m[1msavepack[22m | Storing File: res://.godot/exported/133200997/export-78e61cf5705fd2c816634917822b64e7-beam_combiner.res[39m[0m
  [  57% ] [90m[1msavepack[22m | Storing File: res://engine/physics/NozzleCoupledJetReceiver.cs[39m[0m
  [  57% ] [90m[1msavepack[22m | Storing File: res://.godot/exported/133200997/export-56c623d791c94f9f1e4fdfbc6d4140b5-solar_panel.res[39m[0m
  [  57% ] [90m[1msavepack[22m | Storing File: res://.godot/exported/133200997/export-3efdbee1025a6742b84b4a77d8d63699-delay.res[39m[0m
  [  57% ] [90m[1msavepack[22m | Storing File: res://.godot/exported/133200997/export-10a2d9a2ccedfd3cc13bbebbc72fae2c-mirror.res[39m[0m
  [  58% ] [90m[1msavepack[22m | Storing File: res://.godot/exported/133200997/export-824102b72d9addb1df22981add2710b0-fan.scn[39m[0m
  [  58% ] [90m[1msavepack[22m | Storing File: res://engine/physics/GuideSupportBoundaryPath.cs[39m[0m
  [  58% ] [90m[1msavepack[22m | Storing File: res://parts/SpeakerPart.cs[39m[0m
  [  58% ] [90m[1msavepack[22m | Storing File: res://.godot/exported/133200997/export-d633d8a22ad322b6160f16909c800d64-spring.scn[39m[0m
  [  58% ] [90m[1msavepack[22m | Storing File: res://engine/OpticalNetwork.cs[39m[0m
  [  59% ] [90m[1msavepack[22m | Storing File: res://.godot/exported/133200997/export-2847fe7a797c5e7ad222b44abe868b9b-speaker.scn[39m[0m
  [  59% ] [90m[1msavepack[22m | Storing File: res://.godot/exported/133200997/export-b8a029581cd39cf4ba912fddce597eab-bellows.scn[39m[0m
  [  59% ] [90m[1msavepack[22m | Storing File: res://.godot/exported/133200997/export-036aa1c40c1ac9dbfd797aaed8ecf8ec-powered_gate.scn[39m[0m
  [  59% ] [90m[1msavepack[22m | Storing File: res://engine/LogicGate.cs[39m[0m
  [  60% ] [90m[1msavepack[22m | Storing File: res://.godot/exported/133200997/export-0a42f3967f547bdeffc016609d41a94f-pressure_plate.scn[39m[0m
  [  60% ] [90m[1msavepack[22m | Storing File: res://engine/physics/IdealGasMaterial.cs[39m[0m
  [  60% ] [90m[1msavepack[22m | Storing File: res://engine/bridge/BinaryInputCommand.cs[39m[0m
  [  60% ] [90m[1msavepack[22m | Storing File: res://engine/AirflowNetwork.cs[39m[0m
  [  60% ] [90m[1msavepack[22m | Storing File: res://engine/physics/PhysicsBody.cs[39m[0m
  [  61% ] [90m[1msavepack[22m | Storing File: res://.godot/exported/133200997/export-1b6ef0d23e501fef7c07be57b0a82d60-battery.scn[39m[0m
  [  61% ] [90m[1msavepack[22m | Storing File: res://.godot/exported/133200997/export-45a0e8c34e6f41bd60972cfc3c021620-ball.scn[39m[0m
  [  61% ] [90m[1msavepack[22m | Storing File: res://parts/HoldTimerPart.cs[39m[0m
  [  61% ] [90m[1msavepack[22m | Storing File: res://engine/physics/MechanicalTransferLoad.cs[39m[0m
  [  61% ] [90m[1msavepack[22m | Storing File: res://engine/physics/SupportFootprint.cs[39m[0m
  [  62% ] [90m[1msavepack[22m | Storing File: res://.godot/exported/133200997/export-d9e78448b2a52fb46d8945b64149b3cc-impact_lever.res[39m[0m
  [  62% ] [90m[1msavepack[22m | Storing File: res://.godot/exported/133200997/export-06626218a05bf7179d4449657c21f858-blue_filter.scn[39m[0m
  [  62% ] [90m[1msavepack[22m | Storing File: res://engine/physics/AxialElasticPotential.cs[39m[0m
  [  62% ] [90m[1msavepack[22m | Storing File: res://engine/physics/ConstraintAcceleration.cs[39m[0m
  [  62% ] [90m[1msavepack[22m | Storing File: res://engine/SceneOrientation.cs[39m[0m
  [  63% ] [90m[1msavepack[22m | Storing File: res://engine/BodyDynamics.cs[39m[0m
  [  63% ] [90m[1msavepack[22m | Storing File: res://engine/physics/PhysicsGasNode.cs[39m[0m
  [  63% ] [90m[1msavepack[22m | Storing File: res://engine/physics/RotaryCaptureForcePath.cs[39m[0m
  [  63% ] [90m[1msavepack[22m | Storing File: res://.godot/exported/133200997/export-ba7f25ff952194fa1c2d0f30394ed508-pulley.res[39m[0m
  [  63% ] [90m[1msavepack[22m | Storing File: res://engine/physics/AxialGasLoad.cs[39m[0m
  [  64% ] [90m[1msavepack[22m | Storing File: res://engine/bridge/BodyQueryRead.cs[39m[0m
  [  64% ] [90m[1msavepack[22m | Storing File: res://parts/RopeAnchorPart.cs[39m[0m
  [  64% ] [90m[1msavepack[22m | Storing File: res://.godot/exported/133200997/export-22794cfc17073dfb5f6183bd0cf2bf0e-laser.scn[39m[0m
  [  64% ] [90m[1msavepack[22m | Storing File: res://engine/physics/AirJetGeometry.cs[39m[0m
  [  64% ] [90m[1msavepack[22m | Storing File: res://engine/TubeMouth.cs[39m[0m
  [  65% ] [90m[1msavepack[22m | Storing File: res://engine/PartParameterValues.cs[39m[0m
  [  65% ] [90m[1msavepack[22m | Storing File: res://engine/SceneTiltSensorDeclaration.cs[39m[0m
  [  65% ] [90m[1msavepack[22m | Storing File: res://engine/presentation/SceneOccurrenceRun.cs[39m[0m
  [  65% ] [90m[1msavepack[22m | Storing File: res://.godot/exported/133200997/export-753c0c0da4c3256f31cb562b10274af4-funnel.scn[39m[0m
  [  65% ] [90m[1msavepack[22m | Storing File: res://.godot/exported/133200997/export-10eb8b0ad8e1545204eae2a806ca7c1e-conveyor.scn[39m[0m
  [  66% ] [90m[1msavepack[22m | Storing File: res://.godot/exported/133200997/export-8f51d853ef149302b5a6708e8fc93880-optical_or.res[39m[0m
  [  66% ] [90m[1msavepack[22m | Storing File: res://engine/physics/PhysicsTransmissionJoint.cs[39m[0m
  [  66% ] [90m[1msavepack[22m | Storing File: res://.godot/exported/133200997/export-6818ad5313522289e1f5dde5120e3cd6-electrical_or.res[39m[0m
  [  66% ] [90m[1msavepack[22m | Storing File: res://engine/bridge/BodyPoseRead.cs[39m[0m
  [  66% ] [90m[1msavepack[22m | Storing File: res://engine/physics/ContactKinematics.cs[39m[0m
  [  66% ] [90m[1msavepack[22m | Storing File: res://engine/physics/BodyDragLoad.cs[39m[0m
  [  66% ] [90m[1msavepack[22m | Storing File: res://engine/physics/PlanarGuideBoundaryPath.cs[39m[0m
  [  66% ] [90m[1msavepack[22m | Storing File: res://engine/physics/RigidRotation.cs[39m[0m
  [  66% ] [90m[1msavepack[22m | Storing File: res://.godot/exported/133200997/export-4b755f9269e86b089942251a7d648379-optical_nor.scn[39m[0m
  [  66% ] [90m[1msavepack[22m | Storing File: res://.godot/exported/133200997/export-f790c6a296bb0f3d1fb7164f08a66679-ball.res[39m[0m
  [  67% ] [90m[1msavepack[22m | Storing File: res://engine/presentation/SceneLightConeRun.cs[39m[0m
  [  67% ] [90m[1msavepack[22m | Storing File: res://parts/LatchPart.cs[39m[0m
  [  67% ] [90m[1msavepack[22m | Storing File: res://engine/BendProxy.cs[39m[0m
  [  67% ] [90m[1msavepack[22m | Storing File: res://engine/physics/AxialGasGeometry.cs[39m[0m
  [  67% ] [90m[1msavepack[22m | Storing File: res://engine/physics/PointTrace.cs[39m[0m
  [  68% ] [90m[1msavepack[22m | Storing File: res://parts/WallPart.cs[39m[0m
  [  68% ] [90m[1msavepack[22m | Storing File: res://.godot/exported/133200997/export-60f16ada6061f758b60d9612bcf86201-flashlight.scn[39m[0m
  [  68% ] [90m[1msavepack[22m | Storing File: res://parts/BasketPart.cs[39m[0m
  [  68% ] [90m[1msavepack[22m | Storing File: res://engine/SceneMechanicalTransferBindings.cs[39m[0m
  [  68% ] [90m[1msavepack[22m | Storing File: res://.godot/exported/133200997/export-269c4c02aaae77089c17b3abc7e2adf8-laser.res[39m[0m
  [  69% ] [90m[1msavepack[22m | Storing File: res://engine/physics/AxialElasticLoad.cs[39m[0m
  [  69% ] [90m[1msavepack[22m | Storing File: res://.godot/exported/133200997/export-c48ba03d5bb7dc0a932121dcef9d8ce4-white_receiver.scn[39m[0m
  [  69% ] [90m[1msavepack[22m | Storing File: res://.godot/exported/133200997/export-8940385d45310ae250537937416ca6da-latch.res[39m[0m
  [  69% ] [90m[1msavepack[22m | Storing File: res://engine/bridge/CommittedDisplayClock.cs[39m[0m
  [  69% ] [90m[1msavepack[22m | Storing File: res://engine/physics/MechanicalPortSpeedPath.cs[39m[0m
  [  70% ] [90m[1msavepack[22m | Storing File: res://engine/physics/AirJetStreamlinePath.cs[39m[0m
  [  70% ] [90m[1msavepack[22m | Storing File: res://engine/MechanicalNetwork.cs[39m[0m
  [  70% ] [90m[1msavepack[22m | Storing File: res://.godot/exported/133200997/export-85725d6061f59deee0680dcd9300a1ae-optical_or.scn[39m[0m
  [  70% ] [90m[1msavepack[22m | Storing File: res://engine/SceneLatchDeclaration.cs[39m[0m
  [  70% ] [90m[1msavepack[22m | Storing File: res://engine/physics/QuinticRigidTrajectory.cs[39m[0m
  [  71% ] [90m[1msavepack[22m | Storing File: res://engine/Acoustics.cs[39m[0m
  [  71% ] [90m[1msavepack[22m | Storing File: res://engine/SceneTimerDeclaration.cs[39m[0m
  [  71% ] [90m[1msavepack[22m | Storing File: res://.godot/exported/133200997/export-84b93656c74d91a6da8a25c5a87427fb-basket.scn[39m[0m
  [  71% ] [90m[1msavepack[22m | Storing File: res://engine/physics/JointEquations.cs[39m[0m
  [  71% ] [90m[1msavepack[22m | Storing File: res://engine/physics/AxialEffortLoad.cs[39m[0m
  [  72% ] [90m[1msavepack[22m | Storing File: res://engine/physics/ImpulseConstraint.cs[39m[0m
  [  72% ] [90m[1msavepack[22m | Storing File: res://engine/physics/PhysicsJoint.cs[39m[0m
  [  72% ] [90m[1msavepack[22m | Storing File: res://engine/PerformanceRecorder.cs[39m[0m
  [  72% ] [90m[1msavepack[22m | Storing File: res://.godot/exported/133200997/export-531077ab56a38e253d01bce60896f9a0-workshop.scn[39m[0m
  [  72% ] [90m[1msavepack[22m | Storing File: res://.godot/exported/133200997/export-0b4a6da89a793298f4dae625859d4cf7-blue_receiver.scn[39m[0m
  [  73% ] [90m[1msavepack[22m | Storing File: res://engine/physics/PredictionSamples.cs[39m[0m
  [  73% ] [90m[1msavepack[22m | Storing File: res://.godot/exported/133200997/export-f21fdf494da02aded5662a9cfb66d7cf-rope_anchor.scn[39m[0m
  [  73% ] [90m[1msavepack[22m | Storing File: res://engine/physics/PhysicsSpatialWork.cs[39m[0m
  [  73% ] [90m[1msavepack[22m | Storing File: res://engine/presentation/SceneAcousticMotionRun.cs[39m[0m
  [  73% ] [90m[1msavepack[22m | Storing File: res://engine/physics/PhysicsResidenceSensor.cs[39m[0m
  [  74% ] [90m[1msavepack[22m | Storing File: res://parts/CounterPart.cs[39m[0m
  [  74% ] [90m[1msavepack[22m | Storing File: res://engine/physics/BilateralResponseMap.cs[39m[0m
  [  74% ] [90m[1msavepack[22m | Storing File: res://engine/SceneServoDeclaration.cs[39m[0m
  [  74% ] [90m[1msavepack[22m | Storing File: res://parts/ConveyorPart.cs[39m[0m
  [  74% ] [90m[1msavepack[22m | Storing File: res://engine/physics/ForcePrediction.cs[39m[0m
  [  75% ] [90m[1msavepack[22m | Storing File: res://engine/physics/ConvexDistance.cs[39m[0m
  [  75% ] [90m[1msavepack[22m | Storing File: res://engine/SceneBinaryInputDeclaration.cs[39m[0m
  [  75% ] [90m[1msavepack[22m | Storing File: res://parts/ReverseTransmissionPart.cs[39m[0m
  [  75% ] [90m[1msavepack[22m | Storing File: res://.godot/exported/133200997/export-566378b1d37d72107ceb226b8fca68a4-electrical_nor.scn[39m[0m
  [  75% ] [90m[1msavepack[22m | Storing File: res://parts/MirrorPart.cs[39m[0m
  [  76% ] [90m[1msavepack[22m | Storing File: res://engine/MachineWorld.Controls.cs[39m[0m
  [  76% ] [90m[1msavepack[22m | Storing File: res://parts/BumperPart.cs[39m[0m
  [  76% ] [90m[1msavepack[22m | Storing File: res://.godot/exported/133200997/export-6fe7291a5a8165066c53f59e0bbc7485-optical_nand.res[39m[0m
  [  76% ] [90m[1msavepack[22m | Storing File: res://.godot/exported/133200997/export-02d5b46d196c01e935c7cdc3260014f2-reverse_transmission.res[39m[0m
  [  76% ] [90m[1msavepack[22m | Storing File: res://engine/physics/PositionEquation.cs[39m[0m
  [  77% ] [90m[1msavepack[22m | Storing File: res://.godot/exported/133200997/export-4ba4b1fe7781e9ab3ed60855169a20a1-motor.res[39m[0m
  [  77% ] [90m[1msavepack[22m | Storing File: res://.godot/exported/133200997/export-4b27bc386a7a5b46ab98eeb9c127141b-basket.res[39m[0m
  [  77% ] [90m[1msavepack[22m | Storing File: res://parts/BallPart.cs[39m[0m
  [  77% ] [90m[1msavepack[22m | Storing File: res://parts/FunnelPart.cs[39m[0m
  [  77% ] [90m[1msavepack[22m | Storing File: res://engine/physics/CompressionSpringPotential.cs[39m[0m
  [  78% ] [90m[1msavepack[22m | Storing File: res://.godot/exported/133200997/export-e5f5c4a73bf2c819dd9c2573d82b9216-speaker.res[39m[0m
  [  78% ] [90m[1msavepack[22m | Storing File: res://engine/SceneEnergyStoreDeclaration.cs[39m[0m
  [  78% ] [90m[1msavepack[22m | Storing File: res://engine/physics/IRigidTrajectory.cs[39m[0m
  [  78% ] [90m[1msavepack[22m | Storing File: res://engine/presentation/SceneEnumBinding.cs[39m[0m
  [  79% ] [90m[1msavepack[22m | Storing File: res://.godot/exported/133200997/export-19c2f913ec605040eb8efc6bf909a775-magenta_receiver.res[39m[0m
  [  79% ] [90m[1msavepack[22m | Storing File: res://ui/LightConeVisual.cs[39m[0m
  [  79% ] [90m[1msavepack[22m | Storing File: res://.godot/exported/133200997/export-6b2c85ab2ff59ba62b2cd2e8d0df9bfa-weight.scn[39m[0m
  [  79% ] [90m[1msavepack[22m | Storing File: res://engine/physics/AxialGasPotential.cs[39m[0m
  [  79% ] [90m[1msavepack[22m | Storing File: res://parts/ColourFilterPart.cs[39m[0m
  [  80% ] [90m[1msavepack[22m | Storing File: res://.godot/exported/133200997/export-f771d022dc6ed48bfdb5d0f6d0c5333e-spring.res[39m[0m
  [  80% ] [90m[1msavepack[22m | Storing File: res://engine/physics/PhysicsLoadSet.cs[39m[0m
  [  80% ] [90m[1msavepack[22m | Storing File: res://engine/physics/PhysicsImpactEffects.cs[39m[0m
  [  80% ] [90m[1msavepack[22m | Storing File: res://engine/physics/PositiveDemandBudget.cs[39m[0m
  [  80% ] [90m[1msavepack[22m | Storing File: res://.godot/exported/133200997/export-a5a583597ce791176c41f15b6843d33b-mirror.scn[39m[0m
  [  81% ] [90m[1msavepack[22m | Storing File: res://parts/LightReceiverPart.cs[39m[0m
  [  81% ] [90m[1msavepack[22m | Storing File: res://.godot/exported/133200997/export-e597aaf68dfafca444a0ba0265e49105-bumper.scn[39m[0m
  [  81% ] [90m[1msavepack[22m | Storing File: res://engine/presentation/SceneAnimationAdapter.cs[39m[0m
  [  81% ] [90m[1msavepack[22m | Storing File: res://engine/physics/GasNozzleTransit.cs[39m[0m
  [  81% ] [90m[1msavepack[22m | Storing File: res://engine/SceneDrivenSurface.cs[39m[0m
  [  82% ] [90m[1msavepack[22m | Storing File: res://.godot/exported/133200997/export-c3b7eae2a90f89ce632e09504c988abf-green_filter.res[39m[0m
  [  82% ] [90m[1msavepack[22m | Storing File: res://engine/physics/TransferResidualTotals.cs[39m[0m
  [  82% ] [90m[1msavepack[22m | Storing File: res://engine/physics/PhysicsWorld.cs[39m[0m
  [  82% ] [90m[1msavepack[22m | Storing File: res://engine/SceneElectricalSource.cs[39m[0m
  [  82% ] [90m[1msavepack[22m | Storing File: res://engine/physics/TangentQuadratic.cs[39m[0m
  [  83% ] [90m[1msavepack[22m | Storing File: res://.godot/exported/133200997/export-371d87371c009dd9473d7f956f6a33df-switch.scn[39m[0m
  [  83% ] [90m[1msavepack[22m | Storing File: res://engine/MachinePart.Transaction.cs[39m[0m
  [  83% ] [90m[1msavepack[22m | Storing File: res://.godot/exported/133200997/export-1939bbf7884cedbaae1400c728323272-switch.res[39m[0m
  [  83% ] [90m[1msavepack[22m | Storing File: res://engine/physics/ContactConstraint.cs[39m[0m
  [  83% ] [90m[1msavepack[22m | Storing File: res://engine/SceneCompliantSurface.cs[39m[0m
  [  84% ] [90m[1msavepack[22m | Storing File: res://.godot/exported/133200997/export-4dd050840d579b1e4bc5c8f449ef0284-linear_pusher.scn[39m[0m
  [  84% ] [90m[1msavepack[22m | Storing File: res://engine/physics/PoweredImpulse.cs[39m[0m
  [  84% ] [90m[1msavepack[22m | Storing File: res://.godot/exported/133200997/export-08a0b16a7e9af835bf7eb3017438ade6-conveyor.res[39m[0m
  [  84% ] [90m[1msavepack[22m | Storing File: res://engine/PartRegistry.cs[39m[0m
  [  84% ] [90m[1msavepack[22m | Storing File: res://.godot/exported/133200997/export-3d7c628d5c9ec4adfb8f8f424294833c-optical_and.res[39m[0m
  [  85% ] [90m[1msavepack[22m | Storing File: res://parts/WindChimesPart.cs[39m[0m
  [  85% ] [90m[1msavepack[22m | Storing File: res://parts/ClutchPart.cs[39m[0m
  [  85% ] [90m[1msavepack[22m | Storing File: res://engine/physics/ContactGap.cs[39m[0m
  [  85% ] [90m[1msavepack[22m | Storing File: res://engine/presentation/SceneAcousticRun.cs[39m[0m
  [  85% ] [90m[1msavepack[22m | Storing File: res://engine/PartArt.cs[39m[0m
  [  86% ] [90m[1msavepack[22m | Storing File: res://parts/FanPart.cs[39m[0m
  [  86% ] [90m[1msavepack[22m | Storing File: res://parts/WindmillPart.cs[39m[0m
  [  86% ] [90m[1msavepack[22m | Storing File: res://parts/DelayPart.cs[39m[0m
  [  86% ] [90m[1msavepack[22m | Storing File: res://parts/BatteryPart.cs[39m[0m
  [  86% ] [90m[1msavepack[22m | Storing File: res://engine/physics/RotaryCaptureDeclaration.cs[39m[0m
  [  87% ] [90m[1msavepack[22m | Storing File: res://.godot/exported/133200997/export-f553b27110853258ee50c53c86ac2983-cyan_receiver.res[39m[0m
  [  87% ] [90m[1msavepack[22m | Storing File: res://.godot/exported/133200997/export-8a0e472cc2dfd0a0a39d381b0dce026f-bumper.res[39m[0m
  [  87% ] [90m[1msavepack[22m | Storing File: res://engine/SceneLatchedSpringDeclaration.cs[39m[0m
  [  87% ] [90m[1msavepack[22m | Storing File: res://.godot/exported/133200997/export-ecb55d8e9263483ea1660fa6799c419e-red_receiver.scn[39m[0m
  [  87% ] [90m[1msavepack[22m | Storing File: res://.godot/exported/133200997/export-95cd367cf94fe29c52aade9e488c2956-ball_detector.res[39m[0m
  [  88% ] [90m[1msavepack[22m | Storing File: res://parts/PipePart.cs[39m[0m
  [  88% ] [90m[1msavepack[22m | Storing File: res://parts/PressurePlatePart.cs[39m[0m
  [  88% ] [90m[1msavepack[22m | Storing File: res://ui/OpticalPathVisual.cs[39m[0m
  [  88% ] [90m[1msavepack[22m | Storing File: res://.godot/exported/133200997/export-ace95a492dca6ac89a47833d72e3763f-pipe_bend_45.res[39m[0m
  [  88% ] [90m[1msavepack[22m | Storing File: res://.godot/exported/133200997/export-c9bb9949c92c1fe58ed2a6ccd26f539e-windmill.scn[39m[0m
  [  89% ] [90m[1msavepack[22m | Storing File: res://engine/ConnectionPort.cs[39m[0m
  [  89% ] [90m[1msavepack[22m | Storing File: res://engine/LightNetwork.cs[39m[0m
  [  89% ] [90m[1msavepack[22m | Storing File: res://engine/bridge/ElectricalInputRead.cs[39m[0m
  [  89% ] [90m[1msavepack[22m | Storing File: res://parts/PulleyPart.cs[39m[0m
  [  89% ] [90m[1msavepack[22m | Storing File: res://ui/WorkshopIcons.cs[39m[0m
  [  90% ] [90m[1msavepack[22m | Storing File: res://.godot/exported/133200997/export-4041c97ea97a9d9acbeef6722b0d89c2-battery.res[39m[0m
  [  90% ] [90m[1msavepack[22m | Storing File: res://engine/presentation/AnimationFollowDefinition.cs[39m[0m
  [  90% ] [90m[1msavepack[22m | Storing File: res://.godot/exported/133200997/export-3452b889049c3d1be20e5e40a0b94279-clutch.scn[39m[0m
  [  90% ] [90m[1msavepack[22m | Storing File: res://engine/physics/MaterialContact.cs[39m[0m
  [  90% ] [90m[1msavepack[22m | Storing File: res://parts/SoundMeterPart.cs[39m[0m
  [  91% ] [90m[1msavepack[22m | Storing File: res://engine/physics/ConvexSweep.cs[39m[0m
  [  91% ] [90m[1msavepack[22m | Storing File: res://anvil-diag-doctor.json[39m[0m
  [  91% ] [90m[1msavepack[22m | Storing File: res://.godot/exported/133200997/export-e49a887cd7cb431dde20b686ca54d21d-ramp.scn[39m[0m
  [  91% ] [90m[1msavepack[22m | Storing File: res://parts/ElectricalLogicPart.cs[39m[0m
  [  91% ] [90m[1msavepack[22m | Storing File: res://engine/bridge/CommittedEventStream.cs[39m[0m
  [  92% ] [90m[1msavepack[22m | Storing File: res://engine/SceneElectricalContact.cs[39m[0m
  [  92% ] [90m[1msavepack[22m | Storing File: res://parts/BellowsPart.cs[39m[0m
  [  92% ] [90m[1msavepack[22m | Storing File: res://engine/physics/ConstantAxialEffortLoad.cs[39m[0m
  [  92% ] [90m[1msavepack[22m | Storing File: res://.godot/exported/133200997/export-7245299ff886b84982f5ed82be362974-trampoline.scn[39m[0m
  [  92% ] [90m[1msavepack[22m | Storing File: res://.godot/exported/133200997/export-323502389b1b10bfe9292fbd8b6e59e8-electrical_xor.res[39m[0m
  [  93% ] [90m[1msavepack[22m | Storing File: res://engine/physics/ConvexPose.cs[39m[0m
  [  93% ] [90m[1msavepack[22m | Storing File: res://engine/MachineEvent.cs[39m[0m
  [  93% ] [90m[1msavepack[22m | Storing File: res://engine/physics/ContactManifold.cs[39m[0m
  [  93% ] [90m[1msavepack[22m | Storing File: res://engine/PartDefinition.cs[39m[0m
  [  93% ] [90m[1msavepack[22m | Storing File: res://engine/physics/PhysicsPassageSensor.cs[39m[0m
  [  94% ] [90m[1msavepack[22m | Storing File: res://engine/physics/AxialDampingLoad.cs[39m[0m
  [  94% ] [90m[1msavepack[22m | Storing File: res://.godot/exported/133200997/export-e268523c6ff80e76f013618ff7046deb-light_receiver.res[39m[0m
  [  94% ] [90m[1msavepack[22m | Storing File: res://engine/presentation/AnimationOscillationDefinition.cs[39m[0m
  [  94% ] [90m[1msavepack[22m | Storing File: res://engine/ScenePassageSensorDeclaration.cs[39m[0m
  [  94% ] [90m[1msavepack[22m | Storing File: res://.godot/exported/133200997/export-85cfabb44fb90a96cd2852cf4ede9549-pipe_bend_90.scn[39m[0m
  [  95% ] [90m[1msavepack[22m | Storing File: res://engine/WorldGeometry.cs[39m[0m
  [  95% ] [90m[1msavepack[22m | Storing File: res://global.json[39m[0m
  [  95% ] [90m[1msavepack[22m | Storing File: res://engine/physics/CylindricalRegion.cs[39m[0m
  [  95% ] [90m[1msavepack[22m | Storing File: res://engine/physics/LipschitzBoundarySweep.cs[39m[0m
  [  95% ] [90m[1msavepack[22m | Storing File: res://.godot/exported/133200997/export-4f9c7cfec41ce61614b70669fc4f7b81-green_receiver.res[39m[0m
  [  96% ] [90m[1msavepack[22m | Storing File: res://.godot/exported/133200997/export-2456fb9dbce54802a89098773fe22acb-flashlight.res[39m[0m
  [  96% ] [90m[1msavepack[22m | Storing File: res://.godot/exported/133200997/export-1583337675fb095fbdd242b1dbfbcce7-trampoline.res[39m[0m
  [  96% ] [90m[1msavepack[22m | Storing File: res://.godot/exported/133200997/export-7f3a2b954071d7beef416e0c57911b1f-rope_anchor.res[39m[0m
  [  96% ] [90m[1msavepack[22m | Storing File: res://engine/bridge/SimulationCommandInbox.cs[39m[0m
  [  96% ] [90m[1msavepack[22m | Storing File: res://ui/WorkshopGuidance.cs[39m[0m
  [  97% ] [90m[1msavepack[22m | Storing File: res://.godot/exported/133200997/export-cab4f751ab55b3b1847d1f66b483d624-wind_chimes.res[39m[0m
  [  97% ] [90m[1msavepack[22m | Storing File: res://.godot/exported/133200997/export-fc38046334c4beeb6504568d40996668-beam_splitter.res[39m[0m
  [  97% ] [90m[1msavepack[22m | Storing File: res://.godot/exported/133200997/export-e3937468af5cd5ef958d82ab1199623c-electrical_nand.res[39m[0m
  [  97% ] [90m[1msavepack[22m | Storing File: res://.godot/exported/133200997/export-4555c0c61e8470288e533c5001fba033-ball_detector.scn[39m[0m
  [  97% ] [90m[1msavepack[22m | Storing File: res://engine/physics/CompoundBoundsTree.cs[39m[0m
  [  98% ] [90m[1msavepack[22m | Storing File: res://engine/SceneContactLoadSensorDeclaration.cs[39m[0m
  [  98% ] [90m[1msavepack[22m | Storing File: res://engine/physics/CompliantContactLoad.cs[39m[0m
  [  98% ] [90m[1msavepack[22m | Storing File: res://engine/physics/MechanicalTransferBoundaryPath.cs[39m[0m
  [  98% ] [90m[1msavepack[22m | Storing File: res://.godot/exported/133200997/export-60ce1eb924231c0b77945b007ef31f61-white_receiver.res[39m[0m
  [  98% ] [90m[1msavepack[22m | Storing File: res://parts/scenes/hold_timer.tscn.remap[39m[0m
  [  98% ] [90m[1msavepack[22m | Storing File: res://parts/catalog/yellow_receiver.tres.remap[39m[0m
  [  98% ] [90m[1msavepack[22m | Storing File: res://parts/catalog/bellows.tres.remap[39m[0m
  [  98% ] [90m[1msavepack[22m | Storing File: res://parts/catalog/bowling.tres.remap[39m[0m
  [  98% ] [90m[1msavepack[22m | Storing File: res://parts/scenes/electrical_xor.tscn.remap[39m[0m
  [  98% ] [90m[1msavepack[22m | Storing File: res://parts/catalog/balloon.tres.remap[39m[0m
  [  98% ] [90m[1msavepack[22m | Storing File: res://parts/scenes/optical_xor.tscn.remap[39m[0m
  [  98% ] [90m[1msavepack[22m | Storing File: res://parts/scenes/wound_spring.tscn.remap[39m[0m
  [  98% ] [90m[1msavepack[22m | Storing File: res://parts/catalog/both_gate.tres.remap[39m[0m
  [  98% ] [90m[1msavepack[22m | Storing File: res://parts/scenes/cyan_receiver.tscn.remap[39m[0m
  [  98% ] [90m[1msavepack[22m | Storing File: res://parts/catalog/counter.tres.remap[39m[0m
  [  98% ] [90m[1msavepack[22m | Storing File: res://parts/catalog/fan.tres.remap[39m[0m
  [  98% ] [90m[1msavepack[22m | Storing File: res://parts/scenes/beam_combiner.tscn.remap[39m[0m
  [  98% ] [90m[1msavepack[22m | Storing File: res://parts/scenes/light_receiver.tscn.remap[39m[0m
  [  98% ] [90m[1msavepack[22m | Storing File: res://parts/scenes/domino.tscn.remap[39m[0m
  [  98% ] [90m[1msavepack[22m | Storing File: res://parts/catalog/red_filter.tres.remap[39m[0m
  [  98% ] [90m[1msavepack[22m | Storing File: res://parts/catalog/pressure_plate.tres.remap[39m[0m
  [  98% ] [90m[1msavepack[22m | Storing File: res://parts/catalog/tennis.tres.remap[39m[0m
  [  98% ] [90m[1msavepack[22m | Storing File: res://parts/scenes/red_filter.tscn.remap[39m[0m
  [  98% ] [90m[1msavepack[22m | Storing File: res://parts/catalog/blue_filter.tres.remap[39m[0m
  [  98% ] [90m[1msavepack[22m | Storing File: res://parts/scenes/pulley.tscn.remap[39m[0m
  [  98% ] [90m[1msavepack[22m | Storing File: res://parts/catalog/funnel.tres.remap[39m[0m
  [  98% ] [90m[1msavepack[22m | Storing File: res://parts/scenes/magenta_receiver.tscn.remap[39m[0m
  [  98% ] [90m[1msavepack[22m | Storing File: res://parts/scenes/wind_chimes.tscn.remap[39m[0m
  [  98% ] [90m[1msavepack[22m | Storing File: res://parts/scenes/electrical_or.tscn.remap[39m[0m
  [  98% ] [90m[1msavepack[22m | Storing File: res://parts/catalog/optical_xor.tres.remap[39m[0m
  [  98% ] [90m[1msavepack[22m | Storing File: res://parts/scenes/latch.tscn.remap[39m[0m
  [  98% ] [90m[1msavepack[22m | Storing File: res://parts/catalog/wound_spring.tres.remap[39m[0m
  [  98% ] [90m[1msavepack[22m | Storing File: res://parts/scenes/yellow_receiver.tscn.remap[39m[0m
  [  98% ] [90m[1msavepack[22m | Storing File: res://parts/scenes/pipe_bend_45.tscn.remap[39m[0m
  [  98% ] [90m[1msavepack[22m | Storing File: res://parts/catalog/clock.tres.remap[39m[0m
  [  98% ] [90m[1msavepack[22m | Storing File: res://parts/scenes/bell.tscn.remap[39m[0m
  [  98% ] [90m[1msavepack[22m | Storing File: res://parts/scenes/optical_and.tscn.remap[39m[0m
  [  98% ] [90m[1msavepack[22m | Storing File: res://parts/scenes/beam_splitter.tscn.remap[39m[0m
  [  98% ] [90m[1msavepack[22m | Storing File: res://parts/scenes/electrical_nand.tscn.remap[39m[0m
  [  98% ] [90m[1msavepack[22m | Storing File: res://parts/catalog/wall.tres.remap[39m[0m
  [  98% ] [90m[1msavepack[22m | Storing File: res://parts/scenes/beam_shutter.tscn.remap[39m[0m
  [  98% ] [90m[1msavepack[22m | Storing File: res://parts/scenes/both_gate.tscn.remap[39m[0m
  [  98% ] [90m[1msavepack[22m | Storing File: res://parts/catalog/optical_nor.tres.remap[39m[0m
  [  98% ] [90m[1msavepack[22m | Storing File: res://parts/scenes/optical_nand.tscn.remap[39m[0m
  [  98% ] [90m[1msavepack[22m | Storing File: res://parts/catalog/pipe.tres.remap[39m[0m
  [  98% ] [90m[1msavepack[22m | Storing File: res://parts/catalog/ramp.tres.remap[39m[0m
  [  98% ] [90m[1msavepack[22m | Storing File: res://parts/scenes/impact_lever.tscn.remap[39m[0m
  [  98% ] [90m[1msavepack[22m | Storing File: res://parts/catalog/electrical_nor.tres.remap[39m[0m
  [  98% ] [90m[1msavepack[22m | Storing File: res://parts/scenes/cannon.tscn.remap[39m[0m
  [  98% ] [90m[1msavepack[22m | Storing File: res://parts/scenes/delay.tscn.remap[39m[0m
  [  98% ] [90m[1msavepack[22m | Storing File: res://parts/catalog/clutch.tres.remap[39m[0m
  [  98% ] [90m[1msavepack[22m | Storing File: res://parts/scenes/wall.tscn.remap[39m[0m
  [  98% ] [90m[1msavepack[22m | Storing File: res://parts/catalog/cannon.tres.remap[39m[0m
  [  98% ] [90m[1msavepack[22m | Storing File: res://parts/scenes/green_filter.tscn.remap[39m[0m
  [  98% ] [90m[1msavepack[22m | Storing File: res://parts/catalog/lamp.tres.remap[39m[0m
  [  98% ] [90m[1msavepack[22m | Storing File: res://parts/scenes/reverse_transmission.tscn.remap[39m[0m
  [  98% ] [90m[1msavepack[22m | Storing File: res://parts/scenes/clock.tscn.remap[39m[0m
  [  98% ] [90m[1msavepack[22m | Storing File: res://parts/catalog/blue_receiver.tres.remap[39m[0m
  [  98% ] [90m[1msavepack[22m | Storing File: res://parts/scenes/green_receiver.tscn.remap[39m[0m
  [  98% ] [90m[1msavepack[22m | Storing File: res://parts/catalog/windmill.tres.remap[39m[0m
  [  98% ] [90m[1msavepack[22m | Storing File: res://parts/scenes/counter.tscn.remap[39m[0m
  [  98% ] [90m[1msavepack[22m | Storing File: res://parts/scenes/solar_panel.tscn.remap[39m[0m
  [  98% ] [90m[1msavepack[22m | Storing File: res://parts/catalog/sound_meter.tres.remap[39m[0m
  [  98% ] [90m[1msavepack[22m | Storing File: res://parts/catalog/domino.tres.remap[39m[0m
  [  98% ] [90m[1msavepack[22m | Storing File: res://parts/catalog/pipe_bend_90.tres.remap[39m[0m
  [  98% ] [90m[1msavepack[22m | Storing File: res://parts/catalog/linear_pusher.tres.remap[39m[0m
  [  98% ] [90m[1msavepack[22m | Storing File: res://parts/catalog/beam_shutter.tres.remap[39m[0m
  [  98% ] [90m[1msavepack[22m | Storing File: res://parts/scenes/sound_meter.tscn.remap[39m[0m
  [  98% ] [90m[1msavepack[22m | Storing File: res://parts/catalog/weight.tres.remap[39m[0m
  [  98% ] [90m[1msavepack[22m | Storing File: res://parts/catalog/red_receiver.tres.remap[39m[0m
  [  98% ] [90m[1msavepack[22m | Storing File: res://parts/scenes/pipe.tscn.remap[39m[0m
  [  98% ] [90m[1msavepack[22m | Storing File: res://parts/catalog/bell.tres.remap[39m[0m
  [  98% ] [90m[1msavepack[22m | Storing File: res://parts/scenes/goal_light.tscn.remap[39m[0m
  [  98% ] [90m[1msavepack[22m | Storing File: res://parts/catalog/hold_timer.tres.remap[39m[0m
  [  98% ] [90m[1msavepack[22m | Storing File: res://parts/catalog/powered_gate.tres.remap[39m[0m
  [  98% ] [90m[1msavepack[22m | Storing File: res://parts/scenes/motor.tscn.remap[39m[0m
  [  98% ] [90m[1msavepack[22m | Storing File: res://parts/catalog/beam_combiner.tres.remap[39m[0m
  [  98% ] [90m[1msavepack[22m | Storing File: res://parts/catalog/solar_panel.tres.remap[39m[0m
  [  98% ] [90m[1msavepack[22m | Storing File: res://parts/catalog/delay.tres.remap[39m[0m
  [  98% ] [90m[1msavepack[22m | Storing File: res://parts/catalog/mirror.tres.remap[39m[0m
  [  98% ] [90m[1msavepack[22m | Storing File: res://parts/scenes/fan.tscn.remap[39m[0m
  [  98% ] [90m[1msavepack[22m | Storing File: res://parts/scenes/spring.tscn.remap[39m[0m
  [  98% ] [90m[1msavepack[22m | Storing File: res://parts/scenes/speaker.tscn.remap[39m[0m
  [  98% ] [90m[1msavepack[22m | Storing File: res://parts/scenes/bellows.tscn.remap[39m[0m
  [  98% ] [90m[1msavepack[22m | Storing File: res://parts/scenes/powered_gate.tscn.remap[39m[0m
  [  98% ] [90m[1msavepack[22m | Storing File: res://parts/scenes/pressure_plate.tscn.remap[39m[0m
  [  98% ] [90m[1msavepack[22m | Storing File: res://parts/scenes/battery.tscn.remap[39m[0m
  [  98% ] [90m[1msavepack[22m | Storing File: res://parts/scenes/ball.tscn.remap[39m[0m
  [  98% ] [90m[1msavepack[22m | Storing File: res://parts/catalog/impact_lever.tres.remap[39m[0m
  [  98% ] [90m[1msavepack[22m | Storing File: res://parts/scenes/blue_filter.tscn.remap[39m[0m
  [  98% ] [90m[1msavepack[22m | Storing File: res://parts/catalog/pulley.tres.remap[39m[0m
  [  98% ] [90m[1msavepack[22m | Storing File: res://parts/scenes/laser.tscn.remap[39m[0m
  [  98% ] [90m[1msavepack[22m | Storing File: res://parts/scenes/funnel.tscn.remap[39m[0m
  [  98% ] [90m[1msavepack[22m | Storing File: res://parts/scenes/conveyor.tscn.remap[39m[0m
  [  98% ] [90m[1msavepack[22m | Storing File: res://parts/catalog/optical_or.tres.remap[39m[0m
  [  98% ] [90m[1msavepack[22m | Storing File: res://parts/catalog/electrical_or.tres.remap[39m[0m
  [  98% ] [90m[1msavepack[22m | Storing File: res://parts/scenes/optical_nor.tscn.remap[39m[0m
  [  98% ] [90m[1msavepack[22m | Storing File: res://parts/catalog/ball.tres.remap[39m[0m
  [  98% ] [90m[1msavepack[22m | Storing File: res://parts/scenes/flashlight.tscn.remap[39m[0m
  [  98% ] [90m[1msavepack[22m | Storing File: res://parts/catalog/laser.tres.remap[39m[0m
  [  98% ] [90m[1msavepack[22m | Storing File: res://parts/scenes/white_receiver.tscn.remap[39m[0m
  [  98% ] [90m[1msavepack[22m | Storing File: res://parts/catalog/latch.tres.remap[39m[0m
  [  98% ] [90m[1msavepack[22m | Storing File: res://parts/scenes/optical_or.tscn.remap[39m[0m
  [  98% ] [90m[1msavepack[22m | Storing File: res://parts/scenes/basket.tscn.remap[39m[0m
  [  98% ] [90m[1msavepack[22m | Storing File: res://scenes/workshop.tscn.remap[39m[0m
  [  98% ] [90m[1msavepack[22m | Storing File: res://parts/scenes/blue_receiver.tscn.remap[39m[0m
  [  98% ] [90m[1msavepack[22m | Storing File: res://parts/scenes/rope_anchor.tscn.remap[39m[0m
  [  98% ] [90m[1msavepack[22m | Storing File: res://parts/scenes/electrical_nor.tscn.remap[39m[0m
  [  98% ] [90m[1msavepack[22m | Storing File: res://parts/catalog/optical_nand.tres.remap[39m[0m
  [  98% ] [90m[1msavepack[22m | Storing File: res://parts/catalog/reverse_transmission.tres.remap[39m[0m
  [  98% ] [90m[1msavepack[22m | Storing File: res://parts/catalog/motor.tres.remap[39m[0m
  [  98% ] [90m[1msavepack[22m | Storing File: res://parts/catalog/basket.tres.remap[39m[0m
  [  98% ] [90m[1msavepack[22m | Storing File: res://parts/catalog/speaker.tres.remap[39m[0m
  [  98% ] [90m[1msavepack[22m | Storing File: res://parts/catalog/magenta_receiver.tres.remap[39m[0m
  [  98% ] [90m[1msavepack[22m | Storing File: res://parts/scenes/weight.tscn.remap[39m[0m
  [  98% ] [90m[1msavepack[22m | Storing File: res://parts/catalog/spring.tres.remap[39m[0m
  [  98% ] [90m[1msavepack[22m | Storing File: res://parts/scenes/mirror.tscn.remap[39m[0m
  [  98% ] [90m[1msavepack[22m | Storing File: res://parts/scenes/bumper.tscn.remap[39m[0m
  [  98% ] [90m[1msavepack[22m | Storing File: res://parts/catalog/green_filter.tres.remap[39m[0m
  [  98% ] [90m[1msavepack[22m | Storing File: res://parts/scenes/switch.tscn.remap[39m[0m
  [  98% ] [90m[1msavepack[22m | Storing File: res://parts/catalog/switch.tres.remap[39m[0m
  [  98% ] [90m[1msavepack[22m | Storing File: res://parts/scenes/linear_pusher.tscn.remap[39m[0m
  [  98% ] [90m[1msavepack[22m | Storing File: res://parts/catalog/conveyor.tres.remap[39m[0m
  [  98% ] [90m[1msavepack[22m | Storing File: res://parts/catalog/optical_and.tres.remap[39m[0m
  [  98% ] [90m[1msavepack[22m | Storing File: res://parts/catalog/cyan_receiver.tres.remap[39m[0m
  [  98% ] [90m[1msavepack[22m | Storing File: res://parts/catalog/bumper.tres.remap[39m[0m
  [  98% ] [90m[1msavepack[22m | Storing File: res://parts/scenes/red_receiver.tscn.remap[39m[0m
  [  98% ] [90m[1msavepack[22m | Storing File: res://parts/catalog/ball_detector.tres.remap[39m[0m
  [  98% ] [90m[1msavepack[22m | Storing File: res://parts/catalog/pipe_bend_45.tres.remap[39m[0m
  [  98% ] [90m[1msavepack[22m | Storing File: res://parts/scenes/windmill.tscn.remap[39m[0m
  [  98% ] [90m[1msavepack[22m | Storing File: res://parts/catalog/battery.tres.remap[39m[0m
  [  98% ] [90m[1msavepack[22m | Storing File: res://parts/scenes/clutch.tscn.remap[39m[0m
  [  98% ] [90m[1msavepack[22m | Storing File: res://parts/scenes/ramp.tscn.remap[39m[0m
  [  98% ] [90m[1msavepack[22m | Storing File: res://parts/scenes/trampoline.tscn.remap[39m[0m
  [  98% ] [90m[1msavepack[22m | Storing File: res://parts/catalog/electrical_xor.tres.remap[39m[0m
  [  98% ] [90m[1msavepack[22m | Storing File: res://parts/catalog/light_receiver.tres.remap[39m[0m
  [  98% ] [90m[1msavepack[22m | Storing File: res://parts/scenes/pipe_bend_90.tscn.remap[39m[0m
  [  98% ] [90m[1msavepack[22m | Storing File: res://parts/catalog/green_receiver.tres.remap[39m[0m
  [  98% ] [90m[1msavepack[22m | Storing File: res://parts/catalog/flashlight.tres.remap[39m[0m
  [  98% ] [90m[1msavepack[22m | Storing File: res://parts/catalog/trampoline.tres.remap[39m[0m
  [  98% ] [90m[1msavepack[22m | Storing File: res://parts/catalog/rope_anchor.tres.remap[39m[0m
  [  98% ] [90m[1msavepack[22m | Storing File: res://parts/catalog/wind_chimes.tres.remap[39m[0m
  [  98% ] [90m[1msavepack[22m | Storing File: res://parts/catalog/beam_splitter.tres.remap[39m[0m
  [  98% ] [90m[1msavepack[22m | Storing File: res://parts/catalog/electrical_nand.tres.remap[39m[0m
  [  98% ] [90m[1msavepack[22m | Storing File: res://parts/scenes/ball_detector.tscn.remap[39m[0m
  [  98% ] [90m[1msavepack[22m | Storing File: res://parts/catalog/white_receiver.tres.remap[39m[0m
  [  98% ] [90m[1msavepack[22m | Storing File: res://.godot/global_script_class_cache.cfg[39m[0m
  [  98% ] [90m[1msavepack[22m | Storing File: res://.godot/uid_cache.bin[39m[0m
  [  98% ] [90m[1msavepack[22m | Storing File: res://project.binary[39m[0m
  [92m[ DONE ][39m [1msavepack[22m
  [0m
  CuriousContraptions.web -> /Users/aidan/dev/personal/tim/CuriousContraptions.web/bin/Release/net10.0/browser-wasm/publish/
  CuriousContraptions -> /Users/aidan/dev/personal/tim/.godot/mono/temp/bin/Release/CuriousContraptions.dll
  CuriousContraptions.web -> /Users/aidan/dev/personal/tim/CuriousContraptions.web/bin/Release/net10.0/browser-wasm/CuriousContraptions.web.dll
  Godot Engine (2dog) v4.7.2.stable.mono.2dog.161236340 (2026-09-24 19:51:42 UTC) - https://2dog.dev
  
  [   0% ] [90m[1mfirst_scan_filesystem[22m | Started Project initialization (5 steps)[39m[0m
  [   0% ] [90m[1mfirst_scan_filesystem[22m | Scanning file structure...[39m[0m
  [  16% ] [90m[1mfirst_scan_filesystem[22m | Loading global class names...[39m[0m
  [  33% ] [90m[1mfirst_scan_filesystem[22m | Verifying GDExtensions...[39m[0m
  [  50% ] [90m[1mfirst_scan_filesystem[22m | Creating autoload scripts...[39m[0m
  [  66% ] [90m[1mfirst_scan_filesystem[22m | Initializing plugins...[39m[0m
  [  83% ] [90m[1mfirst_scan_filesystem[22m | Starting file scan...[39m[0m
  [92m[ DONE ][39m [1mfirst_scan_filesystem[22m
  [0m
  [   0% ] [90m[1mloading_editor_layout[22m | Started Loading editor (5 steps)[39m[0m
  [   0% ] [90m[1mloading_editor_layout[22m | Loading editor layout...[39m[0m
  [  16% ] [90m[1mloading_editor_layout[22m | Loading docks...[39m[0m
  [92m[ DONE ][39m [1mloading_editor_layout[22m
  [0m
  TwoDog: Imported Godot project /Users/aidan/dev/personal/tim
  Godot Engine (2dog) v4.7.2.stable.mono.2dog.161236340 (2026-09-24 19:51:42 UTC) - https://2dog.dev
  
  [   0% ] [90m[1mfirst_scan_filesystem[22m | Started Project initialization (5 steps)[39m[0m
  [   0% ] [90m[1mfirst_scan_filesystem[22m | Scanning file structure...[39m[0m
  [  16% ] [90m[1mfirst_scan_filesystem[22m | Loading global class names...[39m[0m
  [  33% ] [90m[1mfirst_scan_filesystem[22m | Verifying GDExtensions...[39m[0m
  [  50% ] [90m[1mfirst_scan_filesystem[22m | Creating autoload scripts...[39m[0m
  [  66% ] [90m[1mfirst_scan_filesystem[22m | Initializing plugins...[39m[0m
  [  83% ] [90m[1mfirst_scan_filesystem[22m | Starting file scan...[39m[0m
  [92m[ DONE ][39m [1mfirst_scan_filesystem[22m
  [0m
  [   0% ] [90m[1msavepack[22m | Started Packing (102 steps)[39m[0m
  [   1% ] [90m[1msavepack[22m | Storing File: res://.godot/imported/arrow-down.svg-c05bab584750d7558e6068fdff46136a.ctex[39m[0m
  [   1% ] [90m[1msavepack[22m | Storing File: res://assets/icons/arrow-down.svg.import[39m[0m
  [   1% ] [90m[1msavepack[22m | Storing File: res://.godot/imported/arrow-up.svg-b58179c0aa7701f18ec5049fc5f1cabf.ctex[39m[0m
  [   1% ] [90m[1msavepack[22m | Storing File: res://assets/icons/arrow-up.svg.import[39m[0m
  [   1% ] [90m[1msavepack[22m | Storing File: res://.godot/imported/folder-open.svg-2fec95b9e3935e03a514233b7db273ec.ctex[39m[0m
  [   1% ] [90m[1msavepack[22m | Storing File: res://assets/icons/folder-open.svg.import[39m[0m
  [   1% ] [90m[1msavepack[22m | Storing File: res://.godot/imported/lightbulb.svg-c3ce31e298346e15873588553ad8101d.ctex[39m[0m
  [   1% ] [90m[1msavepack[22m | Storing File: res://assets/icons/lightbulb.svg.import[39m[0m
  [   1% ] [90m[1msavepack[22m | Storing File: res://.godot/imported/link.svg-f9bf693e1d2edc894ba2c5dd30f49784.ctex[39m[0m
  [   1% ] [90m[1msavepack[22m | Storing File: res://assets/icons/link.svg.import[39m[0m
  [   2% ] [90m[1msavepack[22m | Storing File: res://.godot/imported/minus.svg-60d7ca62d05d261dd2c33f2d69b057a2.ctex[39m[0m
  [   2% ] [90m[1msavepack[22m | Storing File: res://assets/icons/minus.svg.import[39m[0m
  [   2% ] [90m[1msavepack[22m | Storing File: res://.godot/imported/move-vertical.svg-ddb978417a7cf062e11656d0595d4c89.ctex[39m[0m
  [   2% ] [90m[1msavepack[22m | Storing File: res://assets/icons/move-vertical.svg.import[39m[0m
  [   2% ] [90m[1msavepack[22m | Storing File: res://.godot/imported/play.svg-e9236ccb724ef92a26e89cd871a33e4f.ctex[39m[0m
  [   2% ] [90m[1msavepack[22m | Storing File: res://assets/icons/play.svg.import[39m[0m
  [   2% ] [90m[1msavepack[22m | Storing File: res://.godot/imported/plus.svg-7395cd59506febf409a5c6656903f8e9.ctex[39m[0m
  [   2% ] [90m[1msavepack[22m | Storing File: res://assets/icons/plus.svg.import[39m[0m
  [   2% ] [90m[1msavepack[22m | Storing File: res://.godot/imported/rotate-ccw.svg-81650ed3b7a1a89776d84f13a2b56bc9.ctex[39m[0m
  [   2% ] [90m[1msavepack[22m | Storing File: res://assets/icons/rotate-ccw.svg.import[39m[0m
  [   3% ] [90m[1msavepack[22m | Storing File: res://.godot/imported/rotate-cw.svg-87bc9de6eb1bcc348990f7a8633f6713.ctex[39m[0m
  [   3% ] [90m[1msavepack[22m | Storing File: res://assets/icons/rotate-cw.svg.import[39m[0m
  [   3% ] [90m[1msavepack[22m | Storing File: res://.godot/imported/save.svg-4436a386e8aa6786c3b87b76d11469d6.ctex[39m[0m
  [   3% ] [90m[1msavepack[22m | Storing File: res://assets/icons/save.svg.import[39m[0m
  [   3% ] [90m[1msavepack[22m | Storing File: res://.godot/imported/sliders-horizontal.svg-19dd15ef2c0b3b7758dde4d42531b2e9.ctex[39m[0m
  [   3% ] [90m[1msavepack[22m | Storing File: res://assets/icons/sliders-horizontal.svg.import[39m[0m
  [   3% ] [90m[1msavepack[22m | Storing File: res://.godot/imported/square.svg-d26425a344693024394447a10e6b49f3.ctex[39m[0m
  [   3% ] [90m[1msavepack[22m | Storing File: res://assets/icons/square.svg.import[39m[0m
  [   3% ] [90m[1msavepack[22m | Storing File: res://.godot/imported/trash.svg-f38b5333a858794f2eaa17abdd7d010e.ctex[39m[0m
  [   3% ] [90m[1msavepack[22m | Storing File: res://assets/icons/trash.svg.import[39m[0m
  [   4% ] [90m[1msavepack[22m | Storing File: res://.godot/imported/undo-2.svg-326c8d4e441b636631370306fa201def.ctex[39m[0m
  [   4% ] [90m[1msavepack[22m | Storing File: res://assets/icons/undo-2.svg.import[39m[0m
  [   4% ] [90m[1msavepack[22m | Storing File: res://.godot/imported/x.svg-521876a1ce6500a0794bff7c22c09e07.ctex[39m[0m
  [   4% ] [90m[1msavepack[22m | Storing File: res://assets/icons/x.svg.import[39m[0m
  [   4% ] [90m[1msavepack[22m | Storing File: res://.godot/imported/zoom-in.svg-96c81ead79038b49c8e7f7fb36d01d44.ctex[39m[0m
  [   4% ] [90m[1msavepack[22m | Storing File: res://assets/icons/zoom-in.svg.import[39m[0m
  [   4% ] [90m[1msavepack[22m | Storing File: res://.godot/imported/zoom-out.svg-fa969df5f772a3937c1ae70c0bc4956e.ctex[39m[0m
  [   4% ] [90m[1msavepack[22m | Storing File: res://assets/icons/zoom-out.svg.import[39m[0m
  [   4% ] [90m[1msavepack[22m | Storing File: res://content/puzzles.json[39m[0m
  [   5% ] [90m[1msavepack[22m | Storing File: res://diagnostics/BackendQualificationDiagnostics.cs[39m[0m
  [   5% ] [90m[1msavepack[22m | Storing File: res://diagnostics/ExactPlaytestEnumConverter.cs[39m[0m
  [   5% ] [90m[1msavepack[22m | Storing File: res://diagnostics/GeneralBodyQualification.cs[39m[0m
  [   5% ] [90m[1msavepack[22m | Storing File: res://diagnostics/GeneralCollisionQualification.cs[39m[0m
  [   5% ] [90m[1msavepack[22m | Storing File: res://diagnostics/GeneralConstraintQualification.cs[39m[0m
  [   6% ] [90m[1msavepack[22m | Storing File: res://diagnostics/GeneralHollowQualification.cs[39m[0m
  [   6% ] [90m[1msavepack[22m | Storing File: res://diagnostics/GeneralImpactEffectQualification.cs[39m[0m
  [   6% ] [90m[1msavepack[22m | Storing File: res://diagnostics/GeneralImpulseQualification.cs[39m[0m
  [   6% ] [90m[1msavepack[22m | Storing File: res://diagnostics/GeneralJointBoundaryQualification.cs[39m[0m
  [   6% ] [90m[1msavepack[22m | Storing File: res://diagnostics/GeneralJointQualification.cs[39m[0m
  [   7% ] [90m[1msavepack[22m | Storing File: res://diagnostics/GeneralJointRangeQualification.cs[39m[0m
  [   7% ] [90m[1msavepack[22m | Storing File: res://diagnostics/GeneralManifoldQualification.cs[39m[0m
  [   7% ] [90m[1msavepack[22m | Storing File: res://diagnostics/GeneralMotorQualification.cs[39m[0m
  [   7% ] [90m[1msavepack[22m | Storing File: res://diagnostics/GeneralMultiBodyQualification.cs[39m[0m
  [   7% ] [90m[1msavepack[22m | Storing File: res://diagnostics/GeneralPenetrationQualification.cs[39m[0m
  [   8% ] [90m[1msavepack[22m | Storing File: res://diagnostics/GeneralPersistenceQualification.cs[39m[0m
  [   8% ] [90m[1msavepack[22m | Storing File: res://diagnostics/GeneralProjectionQualification.cs[39m[0m
  [   8% ] [90m[1msavepack[22m | Storing File: res://diagnostics/GeneralRoutedRopeQualification.cs[39m[0m
  [   8% ] [90m[1msavepack[22m | Storing File: res://diagnostics/GeneralSignedSweepQualification.cs[39m[0m
  [   8% ] [90m[1msavepack[22m | Storing File: res://diagnostics/GeneralSpatialQualification.cs[39m[0m
  [   9% ] [90m[1msavepack[22m | Storing File: res://diagnostics/GeneralTrajectoryQualification.cs[39m[0m
  [   9% ] [90m[1msavepack[22m | Storing File: res://diagnostics/GeneralWorldQualification.cs[39m[0m
  [   9% ] [90m[1msavepack[22m | Storing File: res://diagnostics/PerformanceProtocol.cs[39m[0m
  [   9% ] [90m[1msavepack[22m | Storing File: res://diagnostics/PhysicsBackendMotionProbe.cs[39m[0m
  [   9% ] [90m[1msavepack[22m | Storing File: res://diagnostics/PhysicsBackendQualification.cs[39m[0m
  [  10% ] [90m[1msavepack[22m | Storing File: res://engine/ScenePhysicsAssembly.cs[39m[0m
  [  10% ] [90m[1msavepack[22m | Storing File: res://engine/physics/AccelerationDrive.cs[39m[0m
  [  10% ] [90m[1msavepack[22m | Storing File: res://engine/physics/DrivenSurface.cs[39m[0m
  [  10% ] [90m[1msavepack[22m | Storing File: res://engine/ElectricalNetwork.cs[39m[0m
  [  10% ] [90m[1msavepack[22m | Storing File: res://engine/SceneResidenceSensorDeclaration.cs[39m[0m
  [  11% ] [90m[1msavepack[22m | Storing File: res://engine/BinaryCircuit.cs[39m[0m
  [  11% ] [90m[1msavepack[22m | Storing File: res://.godot/exported/133200997/export-8d290f82084d1816d3affae4e79090de-hold_timer.scn[39m[0m
  [  11% ] [90m[1msavepack[22m | Storing File: res://.godot/exported/133200997/export-8d6f6f915a20366defd07cfcdc74c576-yellow_receiver.res[39m[0m
  [  11% ] [90m[1msavepack[22m | Storing File: res://.godot/exported/133200997/export-6dd2cfb66a486abb5937e2f72e881905-bellows.res[39m[0m
  [  11% ] [90m[1msavepack[22m | Storing File: res://.godot/exported/133200997/export-230b7cf8d62b7f918a1b26f537a3cf74-bowling.res[39m[0m
  [  12% ] [90m[1msavepack[22m | Storing File: res://engine/physics/TransferStepError.cs[39m[0m
  [  12% ] [90m[1msavepack[22m | Storing File: res://.godot/exported/133200997/export-6c8c3f63d33434a9b9598328e97f1170-electrical_xor.scn[39m[0m
  [  12% ] [90m[1msavepack[22m | Storing File: res://.godot/exported/133200997/export-f9ef7949f23983efd38da09017531f0a-balloon.res[39m[0m
  [  12% ] [90m[1msavepack[22m | Storing File: res://engine/physics/CoupledImpulsePair.cs[39m[0m
  [  12% ] [90m[1msavepack[22m | Storing File: res://parts/PipeArt.cs[39m[0m
  [  13% ] [90m[1msavepack[22m | Storing File: res://ui/ConnectionChoice.cs[39m[0m
  [  13% ] [90m[1msavepack[22m | Storing File: res://engine/SceneRotaryShaft.cs[39m[0m
  [  13% ] [90m[1msavepack[22m | Storing File: res://engine/physics/TransferSpeedPath.cs[39m[0m
  [  13% ] [90m[1msavepack[22m | Storing File: res://engine/physics/SupportFeature.cs[39m[0m
  [  13% ] [90m[1msavepack[22m | Storing File: res://engine/physics/MechanicalTransferImpulse.cs[39m[0m
  [  14% ] [90m[1msavepack[22m | Storing File: res://engine/presentation/AnimationImpulseDefinition.cs[39m[0m
  [  14% ] [90m[1msavepack[22m | Storing File: res://engine/physics/PrescribedBodyMotion.cs[39m[0m
  [  14% ] [90m[1msavepack[22m | Storing File: res://parts/SpringPart.cs[39m[0m
  [  14% ] [90m[1msavepack[22m | Storing File: res://.godot/exported/133200997/export-3327fd24cb54efaeced734205d1557e4-optical_xor.scn[39m[0m
  [  14% ] [90m[1msavepack[22m | Storing File: res://parts/PipeBendPart.cs[39m[0m
  [  15% ] [90m[1msavepack[22m | Storing File: res://engine/bridge/ScalarRead.cs[39m[0m
  [  15% ] [90m[1msavepack[22m | Storing File: res://engine/physics/PhysicsEnergyStore.cs[39m[0m
  [  15% ] [90m[1msavepack[22m | Storing File: res://engine/bridge/CommittedPoseBuffer.Enums.cs[39m[0m
  [  15% ] [90m[1msavepack[22m | Storing File: res://engine/BodySlot.cs[39m[0m
  [  15% ] [90m[1msavepack[22m | Storing File: res://engine/SceneScalarObservation.cs[39m[0m
  [  16% ] [90m[1msavepack[22m | Storing File: res://engine/SceneBooleanObservation.cs[39m[0m
  [  16% ] [90m[1msavepack[22m | Storing File: res://engine/presentation/ScenePoseBatch.cs[39m[0m
  [  16% ] [90m[1msavepack[22m | Storing File: res://parts/LampPart.cs[39m[0m
  [  16% ] [90m[1msavepack[22m | Storing File: res://assets/icons/LICENSE.txt[39m[0m
  [  16% ] [90m[1msavepack[22m | Storing File: res://.godot/exported/133200997/export-8810d796dd1f90575f42f330f47de69f-wound_spring.scn[39m[0m
  [  17% ] [90m[1msavepack[22m | Storing File: res://engine/IResizablePart.cs[39m[0m
  [  17% ] [90m[1msavepack[22m | Storing File: res://engine/SimulationTransaction.cs[39m[0m
  [  17% ] [90m[1msavepack[22m | Storing File: res://engine/PartAssistance.cs[39m[0m
  [  17% ] [90m[1msavepack[22m | Storing File: res://parts/BeamShutterPart.cs[39m[0m
  [  17% ] [90m[1msavepack[22m | Storing File: res://engine/SpringParameter.cs[39m[0m
  [  18% ] [90m[1msavepack[22m | Storing File: res://engine/physics/LinearRigidTrajectory.cs[39m[0m
  [  18% ] [90m[1msavepack[22m | Storing File: res://engine/physics/PhysicsMotionHistory.cs[39m[0m
  [  18% ] [90m[1msavepack[22m | Storing File: res://engine/physics/PositionConstraints.cs[39m[0m
  [  18% ] [90m[1msavepack[22m | Storing File: res://.godot/exported/133200997/export-3e48c95d87189684a9ed69b59c15fa46-both_gate.res[39m[0m
  [  18% ] [90m[1msavepack[22m | Storing File: res://engine/physics/ConvexPenetration.cs[39m[0m
  [  19% ] [90m[1msavepack[22m | Storing File: res://engine/SceneCollisionGeometry.cs[39m[0m
  [  19% ] [90m[1msavepack[22m | Storing File: res://ui/PlaytestDiagnostics.cs[39m[0m
  [  19% ] [90m[1msavepack[22m | Storing File: res://engine/SceneOscillatorDeclaration.cs[39m[0m
  [  19% ] [90m[1msavepack[22m | Storing File: res://engine/physics/ImpulseSweepAcceleration.cs[39m[0m
  [  19% ] [90m[1msavepack[22m | Storing File: res://engine/bridge/CommittedPoseBuffer.cs[39m[0m
  [  20% ] [90m[1msavepack[22m | Storing File: res://engine/physics/BodyWrench.cs[39m[0m
  [  20% ] [90m[1msavepack[22m | Storing File: res://engine/physics/AdiabaticGasDischarge.cs[39m[0m
  [  20% ] [90m[1msavepack[22m | Storing File: res://.godot/exported/133200997/export-1e6bbeb9e310f12b3eacf604be2dfe16-cyan_receiver.scn[39m[0m
  [  20% ] [90m[1msavepack[22m | Storing File: res://.godot/exported/133200997/export-0c90a8ad0eca5ee46b21368e3bd4c419-counter.res[39m[0m
  [  21% ] [90m[1msavepack[22m | Storing File: res://engine/MachineWorld.Transaction.cs[39m[0m
  [  21% ] [90m[1msavepack[22m | Storing File: res://engine/MachineData.cs[39m[0m
  [  21% ] [90m[1msavepack[22m | Storing File: res://parts/PoweredGatePart.cs[39m[0m
  [  21% ] [90m[1msavepack[22m | Storing File: res://ui/PulleyRopeRoute.cs[39m[0m
  [  21% ] [90m[1msavepack[22m | Storing File: res://engine/physics/AdmissibleImpulseResponse.cs[39m[0m
  [  22% ] [90m[1msavepack[22m | Storing File: res://.godot/exported/133200997/export-5421945dd9df0bafa2ca44e5e55d0e28-fan.res[39m[0m
  [  22% ] [90m[1msavepack[22m | Storing File: res://engine/presentation/ScenePoseAsset.cs[39m[0m
  [  22% ] [90m[1msavepack[22m | Storing File: res://engine/physics/PhysicsColliderUpdate.cs[39m[0m
  [  22% ] [90m[1msavepack[22m | Storing File: res://.godot/exported/133200997/export-cb782da9cd55a10ef3eaed8279b70882-beam_combiner.scn[39m[0m
  [  22% ] [90m[1msavepack[22m | Storing File: res://engine/physics/PhysicsTiltSensor.cs[39m[0m
  [  23% ] [90m[1msavepack[22m | Storing File: res://engine/SlidingBlade.cs[39m[0m
  [  23% ] [90m[1msavepack[22m | Storing File: res://parts/BallDetectorPart.cs[39m[0m
  [  23% ] [90m[1msavepack[22m | Storing File: res://engine/physics/PhysicsWrenchCommand.cs[39m[0m
  [  23% ] [90m[1msavepack[22m | Storing File: res://.godot/exported/133200997/export-e3d85c808b9345443ba01fb8ac7daaa6-light_receiver.scn[39m[0m
  [  23% ] [90m[1msavepack[22m | Storing File: res://engine/physics/ConvexGeometry.cs[39m[0m
  [  24% ] [90m[1msavepack[22m | Storing File: res://engine/physics/ContactSlipPath.cs[39m[0m
  [  24% ] [90m[1msavepack[22m | Storing File: res://.godot/exported/133200997/export-64ccf6bd483dc51419f3407a747431ba-domino.scn[39m[0m
  [  24% ] [90m[1msavepack[22m | Storing File: res://engine/presentation/SceneAnimationRun.cs[39m[0m
  [  24% ] [90m[1msavepack[22m | Storing File: res://.godot/exported/133200997/export-c2279c4089e76c3887cb82e9aed970e6-red_filter.res[39m[0m
  [  24% ] [90m[1msavepack[22m | Storing File: res://engine/FrustumProxy.cs[39m[0m
  [  25% ] [90m[1msavepack[22m | Storing File: res://parts/FlashlightPart.cs[39m[0m
  [  25% ] [90m[1msavepack[22m | Storing File: res://.godot/exported/133200997/export-3e103ce85ebad58b42d8811f154ccc11-pressure_plate.res[39m[0m
  [  25% ] [90m[1msavepack[22m | Storing File: res://engine/SimulationState.cs[39m[0m
  [  25% ] [90m[1msavepack[22m | Storing File: res://engine/physics/JetTransferForcePath.cs[39m[0m
  [  25% ] [90m[1msavepack[22m | Storing File: res://engine/SimulationOscillators.cs[39m[0m
  [  26% ] [90m[1msavepack[22m | Storing File: res://.godot/exported/133200997/export-c53a69973bfa722ba88e2569e19537a4-tennis.res[39m[0m
  [  26% ] [90m[1msavepack[22m | Storing File: res://.godot/exported/133200997/export-08620968a94331d1396ec9be0330b6ab-red_filter.scn[39m[0m
  [  26% ] [90m[1msavepack[22m | Storing File: res://.godot/exported/133200997/export-093d7eddf1b991da765e88f1f1ec67f0-blue_filter.res[39m[0m
  [  26% ] [90m[1msavepack[22m | Storing File: res://engine/MachineWorld.cs[39m[0m
  [  26% ] [90m[1msavepack[22m | Storing File: res://parts/DominoPart.cs[39m[0m
  [  27% ] [90m[1msavepack[22m | Storing File: res://.godot/exported/133200997/export-b94d43c732ef3c492cf3dd02c03d8fa4-pulley.scn[39m[0m
  [  27% ] [90m[1msavepack[22m | Storing File: res://.godot/exported/133200997/export-432e66d9df07a68ffdceee8925bf32f7-funnel.res[39m[0m
  [  27% ] [90m[1msavepack[22m | Storing File: res://engine/physics/PlanarGuideLoad.cs[39m[0m
  [  27% ] [90m[1msavepack[22m | Storing File: res://engine/bridge/PoseReferenceBinding.cs[39m[0m
  [  27% ] [90m[1msavepack[22m | Storing File: res://.godot/exported/133200997/export-b382b7ad24319ca1c08f86e88834447b-magenta_receiver.scn[39m[0m
  [  28% ] [90m[1msavepack[22m | Storing File: res://engine/Workbench.cs[39m[0m
  [  28% ] [90m[1msavepack[22m | Storing File: res://engine/physics/GasPredictionWork.cs[39m[0m
  [  28% ] [90m[1msavepack[22m | Storing File: res://engine/OpticalColour.cs[39m[0m
  [  28% ] [90m[1msavepack[22m | Storing File: res://.godot/exported/133200997/export-1ab66466787d0de8cf71182580cf5264-wind_chimes.scn[39m[0m
  [  28% ] [90m[1msavepack[22m | Storing File: res://parts/LinearPusherPart.cs[39m[0m
  [  29% ] [90m[1msavepack[22m | Storing File: res://engine/physics/ContactPatch.cs[39m[0m
  [  29% ] [90m[1msavepack[22m | Storing File: res://.godot/exported/133200997/export-bd74b3ff4fe3508e2cf763305d5a9619-electrical_or.scn[39m[0m
  [  29% ] [90m[1msavepack[22m | Storing File: res://.godot/exported/133200997/export-9f353256abfc899051a85a23e1d32eca-optical_xor.res[39m[0m
  [  29% ] [90m[1msavepack[22m | Storing File: res://parts/OpticalLogicPart.cs[39m[0m
  [  29% ] [90m[1msavepack[22m | Storing File: res://engine/presentation/AnimationBatch.cs[39m[0m
  [  30% ] [90m[1msavepack[22m | Storing File: res://engine/AcousticAudio.cs[39m[0m
  [  30% ] [90m[1msavepack[22m | Storing File: res://engine/TubeProxy.cs[39m[0m
  [  30% ] [90m[1msavepack[22m | Storing File: res://engine/bridge/CommittedPoseBuffer.Compliant.cs[39m[0m
  [  30% ] [90m[1msavepack[22m | Storing File: res://engine/SceneImpactEffect.cs[39m[0m
  [  30% ] [90m[1msavepack[22m | Storing File: res://engine/presentation/SceneOpticalPreviews.cs[39m[0m
  [  31% ] [90m[1msavepack[22m | Storing File: res://engine/physics/BodyBoundsTree.cs[39m[0m
  [  31% ] [90m[1msavepack[22m | Storing File: res://ui/RotationGizmo.cs[39m[0m
  [  31% ] [90m[1msavepack[22m | Storing File: res://parts/BeamCombinerPart.cs[39m[0m
  [  31% ] [90m[1msavepack[22m | Storing File: res://engine/SceneTransmissionJoint.cs[39m[0m
  [  31% ] [90m[1msavepack[22m | Storing File: res://.godot/exported/133200997/export-a823832ce5fc4120fd7bd0f49a1ce2e9-latch.scn[39m[0m
  [  32% ] [90m[1msavepack[22m | Storing File: res://.godot/exported/133200997/export-047f08cb63deebc04b0d5590e334293e-wound_spring.res[39m[0m
  [  32% ] [90m[1msavepack[22m | Storing File: res://ui/WorkshopAnimation.cs[39m[0m
  [  32% ] [90m[1msavepack[22m | Storing File: res://engine/bridge/BooleanRead.cs[39m[0m
  [  32% ] [90m[1msavepack[22m | Storing File: res://engine/presentation/SceneOscillatorFeedback.cs[39m[0m
  [  32% ] [90m[1msavepack[22m | Storing File: res://parts/WeightPart.cs[39m[0m
  [  33% ] [90m[1msavepack[22m | Storing File: res://.godot/exported/133200997/export-d255c1f6900a99c858bb443e34bb97ed-yellow_receiver.scn[39m[0m
  [  33% ] [90m[1msavepack[22m | Storing File: res://.godot/exported/133200997/export-a062cf586666eca924d597c86299c2a6-pipe_bend_45.scn[39m[0m
  [  33% ] [90m[1msavepack[22m | Storing File: res://.godot/exported/133200997/export-e4af676e468008e55171391bb2e509c3-clock.res[39m[0m
  [  33% ] [90m[1msavepack[22m | Storing File: res://engine/PartParameterState.cs[39m[0m
  [  33% ] [90m[1msavepack[22m | Storing File: res://.godot/exported/133200997/export-66d418d3a6f8c19f6ea514e76d636322-bell.scn[39m[0m
  [  33% ] [90m[1msavepack[22m | Storing File: res://.godot/exported/133200997/export-d523155524b65d965bce0a5cf63e1174-optical_and.scn[39m[0m
  [  33% ] [90m[1msavepack[22m | Storing File: res://parts/MotorPart.cs[39m[0m
  [  33% ] [90m[1msavepack[22m | Storing File: res://engine/SimulationCounters.cs[39m[0m
  [  33% ] [90m[1msavepack[22m | Storing File: res://engine/physics/BodyTrajectory.cs[39m[0m
  [  33% ] [90m[1msavepack[22m | Storing File: res://.godot/exported/133200997/export-a744363d012d30aa5010b8f3723cd7f2-beam_splitter.scn[39m[0m
  [  34% ] [90m[1msavepack[22m | Storing File: res://.godot/exported/133200997/export-c6c05f53951316fc3626e42f3d812193-electrical_nand.scn[39m[0m
  [  34% ] [90m[1msavepack[22m | Storing File: res://engine/SceneCounterDeclaration.cs[39m[0m
  [  34% ] [90m[1msavepack[22m | Storing File: res://parts/TrampolinePart.cs[39m[0m
  [  34% ] [90m[1msavepack[22m | Storing File: res://ui/Workshop.cs[39m[0m
  [  34% ] [90m[1msavepack[22m | Storing File: res://engine/physics/NonlinearIteration.cs[39m[0m
  [  35% ] [90m[1msavepack[22m | Storing File: res://engine/physics/MotorPredictionSupply.cs[39m[0m
  [  35% ] [90m[1msavepack[22m | Storing File: res://engine/physics/ConstrainedPoweredImpulse.cs[39m[0m
  [  35% ] [90m[1msavepack[22m | Storing File: res://.godot/exported/133200997/export-44c91b654b8e0bfa1342f860e8e09a58-wall.res[39m[0m
  [  35% ] [90m[1msavepack[22m | Storing File: res://engine/physics/PhysicsServo.cs[39m[0m
  [  35% ] [90m[1msavepack[22m | Storing File: res://engine/physics/PhysicsRopeJoint.cs[39m[0m
  [  36% ] [90m[1msavepack[22m | Storing File: res://engine/PartOrientation.cs[39m[0m
  [  36% ] [90m[1msavepack[22m | Storing File: res://engine/physics/ConstraintMassMatrix.cs[39m[0m
  [  36% ] [90m[1msavepack[22m | Storing File: res://engine/physics/ScalarBoundarySweep.cs[39m[0m
  [  36% ] [90m[1msavepack[22m | Storing File: res://.godot/exported/133200997/export-9852f974cb3721300e897388fe203e69-beam_shutter.scn[39m[0m
  [  36% ] [90m[1msavepack[22m | Storing File: res://.godot/exported/133200997/export-a6878bd9b40315795a57d4abb2926b4b-both_gate.scn[39m[0m
  [  37% ] [90m[1msavepack[22m | Storing File: res://engine/physics/CompoundCollision.cs[39m[0m
  [  37% ] [90m[1msavepack[22m | Storing File: res://engine/SimulationLatches.cs[39m[0m
  [  37% ] [90m[1msavepack[22m | Storing File: res://engine/physics/PositionProjector.cs[39m[0m
  [  37% ] [90m[1msavepack[22m | Storing File: res://engine/physics/ConfigurationTrajectory.cs[39m[0m
  [  37% ] [90m[1msavepack[22m | Storing File: res://engine/physics/JointConstraints.cs[39m[0m
  [  38% ] [90m[1msavepack[22m | Storing File: res://engine/RopeNetwork.cs[39m[0m
  [  38% ] [90m[1msavepack[22m | Storing File: res://.godot/exported/133200997/export-41cd21597563e51ba82cd1b50356aa2d-optical_nor.res[39m[0m
  [  38% ] [90m[1msavepack[22m | Storing File: res://parts/LaserPart.cs[39m[0m
  [  38% ] [90m[1msavepack[22m | Storing File: res://.godot/exported/133200997/export-ced638eb957ab4c96ecbfb6e33bd861f-optical_nand.scn[39m[0m
  [  38% ] [90m[1msavepack[22m | Storing File: res://.godot/exported/133200997/export-d257bdafbe95953f9c4dd1ca5e50423e-pipe.res[39m[0m
  [  39% ] [90m[1msavepack[22m | Storing File: res://ui/PlacementShadows.cs[39m[0m
  [  39% ] [90m[1msavepack[22m | Storing File: res://engine/physics/RotaryCaptureMaterial.cs[39m[0m
  [  39% ] [90m[1msavepack[22m | Storing File: res://engine/physics/CompliantContactState.cs[39m[0m
  [  39% ] [90m[1msavepack[22m | Storing File: res://parts/BellPart.cs[39m[0m
  [  40% ] [90m[1msavepack[22m | Storing File: res://engine/SceneEnumObservation.cs[39m[0m
  [  40% ] [90m[1msavepack[22m | Storing File: res://.godot/exported/133200997/export-a26d711d8203f2b9392e14a2bbc6299b-ramp.res[39m[0m
  [  40% ] [90m[1msavepack[22m | Storing File: res://engine/physics/StoredFlowSource.cs[39m[0m
  [  40% ] [90m[1msavepack[22m | Storing File: res://engine/physics/ContactForce.cs[39m[0m
  [  40% ] [90m[1msavepack[22m | Storing File: res://.godot/exported/133200997/export-60dc8f1b3788288fff42d1ee058882c0-impact_lever.scn[39m[0m
  [  41% ] [90m[1msavepack[22m | Storing File: res://parts/SwitchPart.cs[39m[0m
  [  41% ] [90m[1msavepack[22m | Storing File: res://.godot/exported/133200997/export-038b4994ce868028fa73aa3e6488ae1e-electrical_nor.res[39m[0m
  [  41% ] [90m[1msavepack[22m | Storing File: res://engine/physics/MechanicalPowerPort.cs[39m[0m
  [  41% ] [90m[1msavepack[22m | Storing File: res://engine/physics/ContactSlipSweep.cs[39m[0m
  [  41% ] [90m[1msavepack[22m | Storing File: res://.godot/exported/133200997/export-f0d1dd903ea07ae1b60a86d226314b69-cannon.scn[39m[0m
  [  42% ] [90m[1msavepack[22m | Storing File: res://engine/physics/CompositePowerPort.cs[39m[0m
  [  42% ] [90m[1msavepack[22m | Storing File: res://engine/PartParameterName.cs[39m[0m
  [  42% ] [90m[1msavepack[22m | Storing File: res://parts/WoundSpringPart.cs[39m[0m
  [  42% ] [90m[1msavepack[22m | Storing File: res://.godot/exported/133200997/export-751e0fcd392c144f86d0cf23789ce9cf-delay.scn[39m[0m
  [  42% ] [90m[1msavepack[22m | Storing File: res://engine/physics/AngularPathMeasure.cs[39m[0m
  [  43% ] [90m[1msavepack[22m | Storing File: res://.godot/exported/133200997/export-cec01cabf7c8287e9a66df9dd2a2f32e-clutch.res[39m[0m
  [  43% ] [90m[1msavepack[22m | Storing File: res://engine/physics/RotaryCaptureSweep.cs[39m[0m
  [  43% ] [90m[1msavepack[22m | Storing File: res://parts/RampPart.cs[39m[0m
  [  43% ] [90m[1msavepack[22m | Storing File: res://.godot/exported/133200997/export-bc1f42d91709cb6e2da4b9bcbc25d1b9-wall.scn[39m[0m
  [  43% ] [90m[1msavepack[22m | Storing File: res://parts/SolarPanelPart.cs[39m[0m
  [  44% ] [90m[1msavepack[22m | Storing File: res://.godot/exported/133200997/export-61962b2f5e718264d4a8fbf1cc75ab50-cannon.res[39m[0m
  [  44% ] [90m[1msavepack[22m | Storing File: res://.godot/exported/133200997/export-c41f53bc01d80cafc2bafeeb98dd1b94-green_filter.scn[39m[0m
  [  44% ] [90m[1msavepack[22m | Storing File: res://engine/SceneJointDeclaration.cs[39m[0m
  [  44% ] [90m[1msavepack[22m | Storing File: res://engine/SceneRopeJoint.cs[39m[0m
  [  44% ] [90m[1msavepack[22m | Storing File: res://engine/presentation/ScalarExtentDefinition.cs[39m[0m
  [  45% ] [90m[1msavepack[22m | Storing File: res://engine/ChimeAssembly.cs[39m[0m
  [  45% ] [90m[1msavepack[22m | Storing File: res://engine/physics/JointBoundarySweep.cs[39m[0m
  [  45% ] [90m[1msavepack[22m | Storing File: res://engine/physics/RigidPoseTrajectory.cs[39m[0m
  [  45% ] [90m[1msavepack[22m | Storing File: res://.godot/exported/133200997/export-f0e7c693587b117e046cd47faf7f1a4b-lamp.res[39m[0m
  [  45% ] [90m[1msavepack[22m | Storing File: res://.godot/exported/133200997/export-1f4302ba9957568f31be555d0ffc0c0a-reverse_transmission.scn[39m[0m
  [  46% ] [90m[1msavepack[22m | Storing File: res://engine/SimulationTimers.cs[39m[0m
  [  46% ] [90m[1msavepack[22m | Storing File: res://engine/physics/PhysicsLatchedSpring.cs[39m[0m
  [  46% ] [90m[1msavepack[22m | Storing File: res://engine/presentation/SceneAcousticWavefrontRun.cs[39m[0m
  [  46% ] [90m[1msavepack[22m | Storing File: res://engine/physics/MechanicalTransferSource.cs[39m[0m
  [  46% ] [90m[1msavepack[22m | Storing File: res://engine/physics/AccelerationSolver.cs[39m[0m
  [  47% ] [90m[1msavepack[22m | Storing File: res://.godot/exported/133200997/export-658a599f58bddcbff719b3dcee9db754-clock.scn[39m[0m
  [  47% ] [90m[1msavepack[22m | Storing File: res://ui/TubePlacementSnap.cs[39m[0m
  [  47% ] [90m[1msavepack[22m | Storing File: res://engine/physics/ConvergingGasNozzle.cs[39m[0m
  [  47% ] [90m[1msavepack[22m | Storing File: res://ui/WorkshopConnections.cs[39m[0m
  [  47% ] [90m[1msavepack[22m | Storing File: res://ui/MechanicalBeltVisual.cs[39m[0m
  [  48% ] [90m[1msavepack[22m | Storing File: res://engine/physics/PhysicsJointChange.cs[39m[0m
  [  48% ] [90m[1msavepack[22m | Storing File: res://engine/physics/ConstraintGradient.cs[39m[0m
  [  48% ] [90m[1msavepack[22m | Storing File: res://.godot/exported/133200997/export-08af93026b3be976b5257515af766c4b-blue_receiver.res[39m[0m
  [  48% ] [90m[1msavepack[22m | Storing File: res://parts/ClockPart.cs[39m[0m
  [  48% ] [90m[1msavepack[22m | Storing File: res://.godot/exported/133200997/export-d4b7b6bec08c424bd24ecfd7a4058236-green_receiver.scn[39m[0m
  [  49% ] [90m[1msavepack[22m | Storing File: res://engine/physics/WrenchPathWork.cs[39m[0m
  [  49% ] [90m[1msavepack[22m | Storing File: res://.godot/exported/133200997/export-96e2f40b803fc81237113d8e977ab293-windmill.res[39m[0m
  [  49% ] [90m[1msavepack[22m | Storing File: res://.godot/exported/133200997/export-017045be76c1575121634afdfc2ff2bb-counter.scn[39m[0m
  [  49% ] [90m[1msavepack[22m | Storing File: res://engine/physics/PhysicsMotorCommand.cs[39m[0m
  [  49% ] [90m[1msavepack[22m | Storing File: res://.godot/exported/133200997/export-3116704037abe5695ddbf4bc23178cf4-solar_panel.scn[39m[0m
  [  50% ] [90m[1msavepack[22m | Storing File: res://engine/physics/SealedGasState.cs[39m[0m
  [  50% ] [90m[1msavepack[22m | Storing File: res://engine/physics/AlignedPowerPort.cs[39m[0m
  [  50% ] [90m[1msavepack[22m | Storing File: res://.godot/exported/133200997/export-141e6da4954b54b2158c42cef8b7e01c-sound_meter.res[39m[0m
  [  50% ] [90m[1msavepack[22m | Storing File: res://parts/BeamSplitterPart.cs[39m[0m
  [  50% ] [90m[1msavepack[22m | Storing File: res://.godot/exported/133200997/export-17650bfa421f71eccd1b7830c798064e-domino.res[39m[0m
  [  51% ] [90m[1msavepack[22m | Storing File: res://parts/CannonPart.cs[39m[0m
  [  51% ] [90m[1msavepack[22m | Storing File: res://.godot/exported/133200997/export-489f26a4bdfd00eb3ed594f56714838c-pipe_bend_90.res[39m[0m
  [  51% ] [90m[1msavepack[22m | Storing File: res://.godot/exported/133200997/export-0c4df791e8c9e44dc5674e819023bf61-linear_pusher.res[39m[0m
  [  51% ] [90m[1msavepack[22m | Storing File: res://engine/PerformanceContracts.cs[39m[0m
  [  51% ] [90m[1msavepack[22m | Storing File: res://engine/physics/PhysicsContactLoadSensor.cs[39m[0m
  [  52% ] [90m[1msavepack[22m | Storing File: res://.godot/exported/133200997/export-68b6cf4e93fce979270923e5bf3996a6-beam_shutter.res[39m[0m
  [  52% ] [90m[1msavepack[22m | Storing File: res://engine/physics/ConvexRounded.cs[39m[0m
  [  52% ] [90m[1msavepack[22m | Storing File: res://.godot/exported/133200997/export-1f975c5932b759ecd0bbae285968c2fe-sound_meter.scn[39m[0m
  [  52% ] [90m[1msavepack[22m | Storing File: res://.godot/exported/133200997/export-0c26d75ea1936234349d5de36085525a-weight.res[39m[0m
  [  52% ] [90m[1msavepack[22m | Storing File: res://engine/physics/ConvexSeparation.cs[39m[0m
  [  53% ] [90m[1msavepack[22m | Storing File: res://parts/ImpactLeverPart.cs[39m[0m
  [  53% ] [90m[1msavepack[22m | Storing File: res://engine/physics/SegmentOcclusionSweep.cs[39m[0m
  [  53% ] [90m[1msavepack[22m | Storing File: res://engine/physics/AirJetBoundaryPath.cs[39m[0m
  [  53% ] [90m[1msavepack[22m | Storing File: res://engine/physics/BilateralConstraintBlock.cs[39m[0m
  [  53% ] [90m[1msavepack[22m | Storing File: res://engine/physics/MechanicalTransferLedger.cs[39m[0m
  [  54% ] [90m[1msavepack[22m | Storing File: res://.godot/exported/133200997/export-4ffdfdee089c209d645c48f29adde967-red_receiver.res[39m[0m
  [  54% ] [90m[1msavepack[22m | Storing File: res://.godot/exported/133200997/export-10f4fa5426f8bce220fc67b9cc1da4e4-pipe.scn[39m[0m
  [  54% ] [90m[1msavepack[22m | Storing File: res://engine/physics/HollowGeometry.cs[39m[0m
  [  54% ] [90m[1msavepack[22m | Storing File: res://.godot/exported/133200997/export-f41c19b8b4600cadbf73bc41eddad380-bell.res[39m[0m
  [  54% ] [90m[1msavepack[22m | Storing File: res://engine/physics/PersistentContactPair.cs[39m[0m
  [  55% ] [90m[1msavepack[22m | Storing File: res://.godot/exported/133200997/export-47326c7dd2ee198a904a2b6e2080be12-goal_light.scn[39m[0m
  [  55% ] [90m[1msavepack[22m | Storing File: res://engine/physics/RigidPose.cs[39m[0m
  [  55% ] [90m[1msavepack[22m | Storing File: res://engine/SceneScalarInputDeclaration.cs[39m[0m
  [  55% ] [90m[1msavepack[22m | Storing File: res://ui/RopeVisual.cs[39m[0m
  [  55% ] [90m[1msavepack[22m | Storing File: res://.godot/exported/133200997/export-4f91ce5cb8f2a4a0edd811d08dac1249-hold_timer.res[39m[0m
  [  56% ] [90m[1msavepack[22m | Storing File: res://.godot/exported/133200997/export-066724b97ee69d18b1748218d37aec86-powered_gate.res[39m[0m
  [  56% ] [90m[1msavepack[22m | Storing File: res://engine/physics/MechanicalSourceRating.cs[39m[0m
  [  56% ] [90m[1msavepack[22m | Storing File: res://engine/physics/JetTransferImpedance.cs[39m[0m
  [  56% ] [90m[1msavepack[22m | Storing File: res://.godot/exported/133200997/export-8ab8daffae7f78a5e2c48456ae693aed-motor.scn[39m[0m
  [  56% ] [90m[1msavepack[22m | Storing File: res://engine/MachinePart.cs[39m[0m
  [  57% ] [90m[1msavepack[22m | Storing File: res://.godot/exported/133200997/export-78e61cf5705fd2c816634917822b64e7-beam_combiner.res[39m[0m
  [  57% ] [90m[1msavepack[22m | Storing File: res://engine/physics/NozzleCoupledJetReceiver.cs[39m[0m
  [  57% ] [90m[1msavepack[22m | Storing File: res://.godot/exported/133200997/export-56c623d791c94f9f1e4fdfbc6d4140b5-solar_panel.res[39m[0m
  [  57% ] [90m[1msavepack[22m | Storing File: res://.godot/exported/133200997/export-3efdbee1025a6742b84b4a77d8d63699-delay.res[39m[0m
  [  57% ] [90m[1msavepack[22m | Storing File: res://.godot/exported/133200997/export-10a2d9a2ccedfd3cc13bbebbc72fae2c-mirror.res[39m[0m
  [  58% ] [90m[1msavepack[22m | Storing File: res://.godot/exported/133200997/export-824102b72d9addb1df22981add2710b0-fan.scn[39m[0m
  [  58% ] [90m[1msavepack[22m | Storing File: res://engine/physics/GuideSupportBoundaryPath.cs[39m[0m
  [  58% ] [90m[1msavepack[22m | Storing File: res://parts/SpeakerPart.cs[39m[0m
  [  58% ] [90m[1msavepack[22m | Storing File: res://.godot/exported/133200997/export-d633d8a22ad322b6160f16909c800d64-spring.scn[39m[0m
  [  58% ] [90m[1msavepack[22m | Storing File: res://engine/OpticalNetwork.cs[39m[0m
  [  59% ] [90m[1msavepack[22m | Storing File: res://.godot/exported/133200997/export-2847fe7a797c5e7ad222b44abe868b9b-speaker.scn[39m[0m
  [  59% ] [90m[1msavepack[22m | Storing File: res://.godot/exported/133200997/export-b8a029581cd39cf4ba912fddce597eab-bellows.scn[39m[0m
  [  59% ] [90m[1msavepack[22m | Storing File: res://.godot/exported/133200997/export-036aa1c40c1ac9dbfd797aaed8ecf8ec-powered_gate.scn[39m[0m
  [  59% ] [90m[1msavepack[22m | Storing File: res://engine/LogicGate.cs[39m[0m
  [  60% ] [90m[1msavepack[22m | Storing File: res://.godot/exported/133200997/export-0a42f3967f547bdeffc016609d41a94f-pressure_plate.scn[39m[0m
  [  60% ] [90m[1msavepack[22m | Storing File: res://engine/physics/IdealGasMaterial.cs[39m[0m
  [  60% ] [90m[1msavepack[22m | Storing File: res://engine/bridge/BinaryInputCommand.cs[39m[0m
  [  60% ] [90m[1msavepack[22m | Storing File: res://engine/AirflowNetwork.cs[39m[0m
  [  60% ] [90m[1msavepack[22m | Storing File: res://engine/physics/PhysicsBody.cs[39m[0m
  [  61% ] [90m[1msavepack[22m | Storing File: res://.godot/exported/133200997/export-1b6ef0d23e501fef7c07be57b0a82d60-battery.scn[39m[0m
  [  61% ] [90m[1msavepack[22m | Storing File: res://.godot/exported/133200997/export-45a0e8c34e6f41bd60972cfc3c021620-ball.scn[39m[0m
  [  61% ] [90m[1msavepack[22m | Storing File: res://parts/HoldTimerPart.cs[39m[0m
  [  61% ] [90m[1msavepack[22m | Storing File: res://engine/physics/MechanicalTransferLoad.cs[39m[0m
  [  61% ] [90m[1msavepack[22m | Storing File: res://engine/physics/SupportFootprint.cs[39m[0m
  [  62% ] [90m[1msavepack[22m | Storing File: res://.godot/exported/133200997/export-d9e78448b2a52fb46d8945b64149b3cc-impact_lever.res[39m[0m
  [  62% ] [90m[1msavepack[22m | Storing File: res://.godot/exported/133200997/export-06626218a05bf7179d4449657c21f858-blue_filter.scn[39m[0m
  [  62% ] [90m[1msavepack[22m | Storing File: res://engine/physics/AxialElasticPotential.cs[39m[0m
  [  62% ] [90m[1msavepack[22m | Storing File: res://engine/physics/ConstraintAcceleration.cs[39m[0m
  [  62% ] [90m[1msavepack[22m | Storing File: res://engine/SceneOrientation.cs[39m[0m
  [  63% ] [90m[1msavepack[22m | Storing File: res://engine/BodyDynamics.cs[39m[0m
  [  63% ] [90m[1msavepack[22m | Storing File: res://engine/physics/PhysicsGasNode.cs[39m[0m
  [  63% ] [90m[1msavepack[22m | Storing File: res://engine/physics/RotaryCaptureForcePath.cs[39m[0m
  [  63% ] [90m[1msavepack[22m | Storing File: res://.godot/exported/133200997/export-ba7f25ff952194fa1c2d0f30394ed508-pulley.res[39m[0m
  [  63% ] [90m[1msavepack[22m | Storing File: res://engine/physics/AxialGasLoad.cs[39m[0m
  [  64% ] [90m[1msavepack[22m | Storing File: res://engine/bridge/BodyQueryRead.cs[39m[0m
  [  64% ] [90m[1msavepack[22m | Storing File: res://parts/RopeAnchorPart.cs[39m[0m
  [  64% ] [90m[1msavepack[22m | Storing File: res://.godot/exported/133200997/export-22794cfc17073dfb5f6183bd0cf2bf0e-laser.scn[39m[0m
  [  64% ] [90m[1msavepack[22m | Storing File: res://engine/physics/AirJetGeometry.cs[39m[0m
  [  64% ] [90m[1msavepack[22m | Storing File: res://engine/TubeMouth.cs[39m[0m
  [  65% ] [90m[1msavepack[22m | Storing File: res://engine/PartParameterValues.cs[39m[0m
  [  65% ] [90m[1msavepack[22m | Storing File: res://engine/SceneTiltSensorDeclaration.cs[39m[0m
  [  65% ] [90m[1msavepack[22m | Storing File: res://engine/presentation/SceneOccurrenceRun.cs[39m[0m
  [  65% ] [90m[1msavepack[22m | Storing File: res://.godot/exported/133200997/export-753c0c0da4c3256f31cb562b10274af4-funnel.scn[39m[0m
  [  65% ] [90m[1msavepack[22m | Storing File: res://.godot/exported/133200997/export-10eb8b0ad8e1545204eae2a806ca7c1e-conveyor.scn[39m[0m
  [  66% ] [90m[1msavepack[22m | Storing File: res://.godot/exported/133200997/export-8f51d853ef149302b5a6708e8fc93880-optical_or.res[39m[0m
  [  66% ] [90m[1msavepack[22m | Storing File: res://engine/physics/PhysicsTransmissionJoint.cs[39m[0m
  [  66% ] [90m[1msavepack[22m | Storing File: res://.godot/exported/133200997/export-6818ad5313522289e1f5dde5120e3cd6-electrical_or.res[39m[0m
  [  66% ] [90m[1msavepack[22m | Storing File: res://engine/bridge/BodyPoseRead.cs[39m[0m
  [  66% ] [90m[1msavepack[22m | Storing File: res://engine/physics/ContactKinematics.cs[39m[0m
  [  66% ] [90m[1msavepack[22m | Storing File: res://engine/physics/BodyDragLoad.cs[39m[0m
  [  66% ] [90m[1msavepack[22m | Storing File: res://engine/physics/PlanarGuideBoundaryPath.cs[39m[0m
  [  66% ] [90m[1msavepack[22m | Storing File: res://engine/physics/RigidRotation.cs[39m[0m
  [  66% ] [90m[1msavepack[22m | Storing File: res://.godot/exported/133200997/export-4b755f9269e86b089942251a7d648379-optical_nor.scn[39m[0m
  [  66% ] [90m[1msavepack[22m | Storing File: res://.godot/exported/133200997/export-f790c6a296bb0f3d1fb7164f08a66679-ball.res[39m[0m
  [  67% ] [90m[1msavepack[22m | Storing File: res://engine/presentation/SceneLightConeRun.cs[39m[0m
  [  67% ] [90m[1msavepack[22m | Storing File: res://parts/LatchPart.cs[39m[0m
  [  67% ] [90m[1msavepack[22m | Storing File: res://engine/BendProxy.cs[39m[0m
  [  67% ] [90m[1msavepack[22m | Storing File: res://engine/physics/AxialGasGeometry.cs[39m[0m
  [  67% ] [90m[1msavepack[22m | Storing File: res://engine/physics/PointTrace.cs[39m[0m
  [  68% ] [90m[1msavepack[22m | Storing File: res://parts/WallPart.cs[39m[0m
  [  68% ] [90m[1msavepack[22m | Storing File: res://.godot/exported/133200997/export-60f16ada6061f758b60d9612bcf86201-flashlight.scn[39m[0m
  [  68% ] [90m[1msavepack[22m | Storing File: res://parts/BasketPart.cs[39m[0m
  [  68% ] [90m[1msavepack[22m | Storing File: res://engine/SceneMechanicalTransferBindings.cs[39m[0m
  [  68% ] [90m[1msavepack[22m | Storing File: res://.godot/exported/133200997/export-269c4c02aaae77089c17b3abc7e2adf8-laser.res[39m[0m
  [  69% ] [90m[1msavepack[22m | Storing File: res://engine/physics/AxialElasticLoad.cs[39m[0m
  [  69% ] [90m[1msavepack[22m | Storing File: res://.godot/exported/133200997/export-c48ba03d5bb7dc0a932121dcef9d8ce4-white_receiver.scn[39m[0m
  [  69% ] [90m[1msavepack[22m | Storing File: res://.godot/exported/133200997/export-8940385d45310ae250537937416ca6da-latch.res[39m[0m
  [  69% ] [90m[1msavepack[22m | Storing File: res://engine/bridge/CommittedDisplayClock.cs[39m[0m
  [  69% ] [90m[1msavepack[22m | Storing File: res://engine/physics/MechanicalPortSpeedPath.cs[39m[0m
  [  70% ] [90m[1msavepack[22m | Storing File: res://engine/physics/AirJetStreamlinePath.cs[39m[0m
  [  70% ] [90m[1msavepack[22m | Storing File: res://engine/MechanicalNetwork.cs[39m[0m
  [  70% ] [90m[1msavepack[22m | Storing File: res://.godot/exported/133200997/export-85725d6061f59deee0680dcd9300a1ae-optical_or.scn[39m[0m
  [  70% ] [90m[1msavepack[22m | Storing File: res://engine/SceneLatchDeclaration.cs[39m[0m
  [  70% ] [90m[1msavepack[22m | Storing File: res://engine/physics/QuinticRigidTrajectory.cs[39m[0m
  [  71% ] [90m[1msavepack[22m | Storing File: res://engine/Acoustics.cs[39m[0m
  [  71% ] [90m[1msavepack[22m | Storing File: res://engine/SceneTimerDeclaration.cs[39m[0m
  [  71% ] [90m[1msavepack[22m | Storing File: res://.godot/exported/133200997/export-84b93656c74d91a6da8a25c5a87427fb-basket.scn[39m[0m
  [  71% ] [90m[1msavepack[22m | Storing File: res://engine/physics/JointEquations.cs[39m[0m
  [  71% ] [90m[1msavepack[22m | Storing File: res://engine/physics/AxialEffortLoad.cs[39m[0m
  [  72% ] [90m[1msavepack[22m | Storing File: res://engine/physics/ImpulseConstraint.cs[39m[0m
  [  72% ] [90m[1msavepack[22m | Storing File: res://engine/physics/PhysicsJoint.cs[39m[0m
  [  72% ] [90m[1msavepack[22m | Storing File: res://engine/PerformanceRecorder.cs[39m[0m
  [  72% ] [90m[1msavepack[22m | Storing File: res://.godot/exported/133200997/export-531077ab56a38e253d01bce60896f9a0-workshop.scn[39m[0m
  [  72% ] [90m[1msavepack[22m | Storing File: res://.godot/exported/133200997/export-0b4a6da89a793298f4dae625859d4cf7-blue_receiver.scn[39m[0m
  [  73% ] [90m[1msavepack[22m | Storing File: res://engine/physics/PredictionSamples.cs[39m[0m
  [  73% ] [90m[1msavepack[22m | Storing File: res://.godot/exported/133200997/export-f21fdf494da02aded5662a9cfb66d7cf-rope_anchor.scn[39m[0m
  [  73% ] [90m[1msavepack[22m | Storing File: res://engine/physics/PhysicsSpatialWork.cs[39m[0m
  [  73% ] [90m[1msavepack[22m | Storing File: res://engine/presentation/SceneAcousticMotionRun.cs[39m[0m
  [  73% ] [90m[1msavepack[22m | Storing File: res://engine/physics/PhysicsResidenceSensor.cs[39m[0m
  [  74% ] [90m[1msavepack[22m | Storing File: res://parts/CounterPart.cs[39m[0m
  [  74% ] [90m[1msavepack[22m | Storing File: res://engine/physics/BilateralResponseMap.cs[39m[0m
  [  74% ] [90m[1msavepack[22m | Storing File: res://engine/SceneServoDeclaration.cs[39m[0m
  [  74% ] [90m[1msavepack[22m | Storing File: res://parts/ConveyorPart.cs[39m[0m
  [  74% ] [90m[1msavepack[22m | Storing File: res://engine/physics/ForcePrediction.cs[39m[0m
  [  75% ] [90m[1msavepack[22m | Storing File: res://engine/physics/ConvexDistance.cs[39m[0m
  [  75% ] [90m[1msavepack[22m | Storing File: res://engine/SceneBinaryInputDeclaration.cs[39m[0m
  [  75% ] [90m[1msavepack[22m | Storing File: res://parts/ReverseTransmissionPart.cs[39m[0m
  [  75% ] [90m[1msavepack[22m | Storing File: res://.godot/exported/133200997/export-566378b1d37d72107ceb226b8fca68a4-electrical_nor.scn[39m[0m
  [  75% ] [90m[1msavepack[22m | Storing File: res://parts/MirrorPart.cs[39m[0m
  [  76% ] [90m[1msavepack[22m | Storing File: res://engine/MachineWorld.Controls.cs[39m[0m
  [  76% ] [90m[1msavepack[22m | Storing File: res://parts/BumperPart.cs[39m[0m
  [  76% ] [90m[1msavepack[22m | Storing File: res://.godot/exported/133200997/export-6fe7291a5a8165066c53f59e0bbc7485-optical_nand.res[39m[0m
  [  76% ] [90m[1msavepack[22m | Storing File: res://.godot/exported/133200997/export-02d5b46d196c01e935c7cdc3260014f2-reverse_transmission.res[39m[0m
  [  76% ] [90m[1msavepack[22m | Storing File: res://engine/physics/PositionEquation.cs[39m[0m
  [  77% ] [90m[1msavepack[22m | Storing File: res://.godot/exported/133200997/export-4ba4b1fe7781e9ab3ed60855169a20a1-motor.res[39m[0m
  [  77% ] [90m[1msavepack[22m | Storing File: res://.godot/exported/133200997/export-4b27bc386a7a5b46ab98eeb9c127141b-basket.res[39m[0m
  [  77% ] [90m[1msavepack[22m | Storing File: res://parts/BallPart.cs[39m[0m
  [  77% ] [90m[1msavepack[22m | Storing File: res://parts/FunnelPart.cs[39m[0m
  [  77% ] [90m[1msavepack[22m | Storing File: res://engine/physics/CompressionSpringPotential.cs[39m[0m
  [  78% ] [90m[1msavepack[22m | Storing File: res://.godot/exported/133200997/export-e5f5c4a73bf2c819dd9c2573d82b9216-speaker.res[39m[0m
  [  78% ] [90m[1msavepack[22m | Storing File: res://engine/SceneEnergyStoreDeclaration.cs[39m[0m
  [  78% ] [90m[1msavepack[22m | Storing File: res://engine/physics/IRigidTrajectory.cs[39m[0m
  [  78% ] [90m[1msavepack[22m | Storing File: res://engine/presentation/SceneEnumBinding.cs[39m[0m
  [  79% ] [90m[1msavepack[22m | Storing File: res://.godot/exported/133200997/export-19c2f913ec605040eb8efc6bf909a775-magenta_receiver.res[39m[0m
  [  79% ] [90m[1msavepack[22m | Storing File: res://ui/LightConeVisual.cs[39m[0m
  [  79% ] [90m[1msavepack[22m | Storing File: res://.godot/exported/133200997/export-6b2c85ab2ff59ba62b2cd2e8d0df9bfa-weight.scn[39m[0m
  [  79% ] [90m[1msavepack[22m | Storing File: res://engine/physics/AxialGasPotential.cs[39m[0m
  [  79% ] [90m[1msavepack[22m | Storing File: res://parts/ColourFilterPart.cs[39m[0m
  [  80% ] [90m[1msavepack[22m | Storing File: res://.godot/exported/133200997/export-f771d022dc6ed48bfdb5d0f6d0c5333e-spring.res[39m[0m
  [  80% ] [90m[1msavepack[22m | Storing File: res://engine/physics/PhysicsLoadSet.cs[39m[0m
  [  80% ] [90m[1msavepack[22m | Storing File: res://engine/physics/PhysicsImpactEffects.cs[39m[0m
  [  80% ] [90m[1msavepack[22m | Storing File: res://engine/physics/PositiveDemandBudget.cs[39m[0m
  [  80% ] [90m[1msavepack[22m | Storing File: res://.godot/exported/133200997/export-a5a583597ce791176c41f15b6843d33b-mirror.scn[39m[0m
  [  81% ] [90m[1msavepack[22m | Storing File: res://parts/LightReceiverPart.cs[39m[0m
  [  81% ] [90m[1msavepack[22m | Storing File: res://.godot/exported/133200997/export-e597aaf68dfafca444a0ba0265e49105-bumper.scn[39m[0m
  [  81% ] [90m[1msavepack[22m | Storing File: res://engine/presentation/SceneAnimationAdapter.cs[39m[0m
  [  81% ] [90m[1msavepack[22m | Storing File: res://engine/physics/GasNozzleTransit.cs[39m[0m
  [  81% ] [90m[1msavepack[22m | Storing File: res://engine/SceneDrivenSurface.cs[39m[0m
  [  82% ] [90m[1msavepack[22m | Storing File: res://.godot/exported/133200997/export-c3b7eae2a90f89ce632e09504c988abf-green_filter.res[39m[0m
  [  82% ] [90m[1msavepack[22m | Storing File: res://engine/physics/TransferResidualTotals.cs[39m[0m
  [  82% ] [90m[1msavepack[22m | Storing File: res://engine/physics/PhysicsWorld.cs[39m[0m
  [  82% ] [90m[1msavepack[22m | Storing File: res://engine/SceneElectricalSource.cs[39m[0m
  [  82% ] [90m[1msavepack[22m | Storing File: res://engine/physics/TangentQuadratic.cs[39m[0m
  [  83% ] [90m[1msavepack[22m | Storing File: res://.godot/exported/133200997/export-371d87371c009dd9473d7f956f6a33df-switch.scn[39m[0m
  [  83% ] [90m[1msavepack[22m | Storing File: res://engine/MachinePart.Transaction.cs[39m[0m
  [  83% ] [90m[1msavepack[22m | Storing File: res://.godot/exported/133200997/export-1939bbf7884cedbaae1400c728323272-switch.res[39m[0m
  [  83% ] [90m[1msavepack[22m | Storing File: res://engine/physics/ContactConstraint.cs[39m[0m
  [  83% ] [90m[1msavepack[22m | Storing File: res://engine/SceneCompliantSurface.cs[39m[0m
  [  84% ] [90m[1msavepack[22m | Storing File: res://.godot/exported/133200997/export-4dd050840d579b1e4bc5c8f449ef0284-linear_pusher.scn[39m[0m
  [  84% ] [90m[1msavepack[22m | Storing File: res://engine/physics/PoweredImpulse.cs[39m[0m
  [  84% ] [90m[1msavepack[22m | Storing File: res://.godot/exported/133200997/export-08a0b16a7e9af835bf7eb3017438ade6-conveyor.res[39m[0m
  [  84% ] [90m[1msavepack[22m | Storing File: res://engine/PartRegistry.cs[39m[0m
  [  84% ] [90m[1msavepack[22m | Storing File: res://.godot/exported/133200997/export-3d7c628d5c9ec4adfb8f8f424294833c-optical_and.res[39m[0m
  [  85% ] [90m[1msavepack[22m | Storing File: res://parts/WindChimesPart.cs[39m[0m
  [  85% ] [90m[1msavepack[22m | Storing File: res://parts/ClutchPart.cs[39m[0m
  [  85% ] [90m[1msavepack[22m | Storing File: res://engine/physics/ContactGap.cs[39m[0m
  [  85% ] [90m[1msavepack[22m | Storing File: res://engine/presentation/SceneAcousticRun.cs[39m[0m
  [  85% ] [90m[1msavepack[22m | Storing File: res://engine/PartArt.cs[39m[0m
  [  86% ] [90m[1msavepack[22m | Storing File: res://parts/FanPart.cs[39m[0m
  [  86% ] [90m[1msavepack[22m | Storing File: res://parts/WindmillPart.cs[39m[0m
  [  86% ] [90m[1msavepack[22m | Storing File: res://parts/DelayPart.cs[39m[0m
  [  86% ] [90m[1msavepack[22m | Storing File: res://parts/BatteryPart.cs[39m[0m
  [  86% ] [90m[1msavepack[22m | Storing File: res://engine/physics/RotaryCaptureDeclaration.cs[39m[0m
  [  87% ] [90m[1msavepack[22m | Storing File: res://.godot/exported/133200997/export-f553b27110853258ee50c53c86ac2983-cyan_receiver.res[39m[0m
  [  87% ] [90m[1msavepack[22m | Storing File: res://.godot/exported/133200997/export-8a0e472cc2dfd0a0a39d381b0dce026f-bumper.res[39m[0m
  [  87% ] [90m[1msavepack[22m | Storing File: res://engine/SceneLatchedSpringDeclaration.cs[39m[0m
  [  87% ] [90m[1msavepack[22m | Storing File: res://.godot/exported/133200997/export-ecb55d8e9263483ea1660fa6799c419e-red_receiver.scn[39m[0m
  [  87% ] [90m[1msavepack[22m | Storing File: res://.godot/exported/133200997/export-95cd367cf94fe29c52aade9e488c2956-ball_detector.res[39m[0m
  [  88% ] [90m[1msavepack[22m | Storing File: res://parts/PipePart.cs[39m[0m
  [  88% ] [90m[1msavepack[22m | Storing File: res://parts/PressurePlatePart.cs[39m[0m
  [  88% ] [90m[1msavepack[22m | Storing File: res://ui/OpticalPathVisual.cs[39m[0m
  [  88% ] [90m[1msavepack[22m | Storing File: res://.godot/exported/133200997/export-ace95a492dca6ac89a47833d72e3763f-pipe_bend_45.res[39m[0m
  [  88% ] [90m[1msavepack[22m | Storing File: res://.godot/exported/133200997/export-c9bb9949c92c1fe58ed2a6ccd26f539e-windmill.scn[39m[0m
  [  89% ] [90m[1msavepack[22m | Storing File: res://engine/ConnectionPort.cs[39m[0m
  [  89% ] [90m[1msavepack[22m | Storing File: res://engine/LightNetwork.cs[39m[0m
  [  89% ] [90m[1msavepack[22m | Storing File: res://engine/bridge/ElectricalInputRead.cs[39m[0m
  [  89% ] [90m[1msavepack[22m | Storing File: res://parts/PulleyPart.cs[39m[0m
  [  89% ] [90m[1msavepack[22m | Storing File: res://ui/WorkshopIcons.cs[39m[0m
  [  90% ] [90m[1msavepack[22m | Storing File: res://.godot/exported/133200997/export-4041c97ea97a9d9acbeef6722b0d89c2-battery.res[39m[0m
  [  90% ] [90m[1msavepack[22m | Storing File: res://engine/presentation/AnimationFollowDefinition.cs[39m[0m
  [  90% ] [90m[1msavepack[22m | Storing File: res://.godot/exported/133200997/export-3452b889049c3d1be20e5e40a0b94279-clutch.scn[39m[0m
  [  90% ] [90m[1msavepack[22m | Storing File: res://engine/physics/MaterialContact.cs[39m[0m
  [  90% ] [90m[1msavepack[22m | Storing File: res://parts/SoundMeterPart.cs[39m[0m
  [  91% ] [90m[1msavepack[22m | Storing File: res://engine/physics/ConvexSweep.cs[39m[0m
  [  91% ] [90m[1msavepack[22m | Storing File: res://anvil-diag-doctor.json[39m[0m
  [  91% ] [90m[1msavepack[22m | Storing File: res://.godot/exported/133200997/export-e49a887cd7cb431dde20b686ca54d21d-ramp.scn[39m[0m
  [  91% ] [90m[1msavepack[22m | Storing File: res://parts/ElectricalLogicPart.cs[39m[0m
  [  91% ] [90m[1msavepack[22m | Storing File: res://engine/bridge/CommittedEventStream.cs[39m[0m
  [  92% ] [90m[1msavepack[22m | Storing File: res://engine/SceneElectricalContact.cs[39m[0m
  [  92% ] [90m[1msavepack[22m | Storing File: res://parts/BellowsPart.cs[39m[0m
  [  92% ] [90m[1msavepack[22m | Storing File: res://engine/physics/ConstantAxialEffortLoad.cs[39m[0m
  [  92% ] [90m[1msavepack[22m | Storing File: res://.godot/exported/133200997/export-7245299ff886b84982f5ed82be362974-trampoline.scn[39m[0m
  [  92% ] [90m[1msavepack[22m | Storing File: res://.godot/exported/133200997/export-323502389b1b10bfe9292fbd8b6e59e8-electrical_xor.res[39m[0m
  [  93% ] [90m[1msavepack[22m | Storing File: res://engine/physics/ConvexPose.cs[39m[0m
  [  93% ] [90m[1msavepack[22m | Storing File: res://engine/MachineEvent.cs[39m[0m
  [  93% ] [90m[1msavepack[22m | Storing File: res://engine/physics/ContactManifold.cs[39m[0m
  [  93% ] [90m[1msavepack[22m | Storing File: res://engine/PartDefinition.cs[39m[0m
  [  93% ] [90m[1msavepack[22m | Storing File: res://engine/physics/PhysicsPassageSensor.cs[39m[0m
  [  94% ] [90m[1msavepack[22m | Storing File: res://engine/physics/AxialDampingLoad.cs[39m[0m
  [  94% ] [90m[1msavepack[22m | Storing File: res://.godot/exported/133200997/export-e268523c6ff80e76f013618ff7046deb-light_receiver.res[39m[0m
  [  94% ] [90m[1msavepack[22m | Storing File: res://engine/presentation/AnimationOscillationDefinition.cs[39m[0m
  [  94% ] [90m[1msavepack[22m | Storing File: res://engine/ScenePassageSensorDeclaration.cs[39m[0m
  [  94% ] [90m[1msavepack[22m | Storing File: res://.godot/exported/133200997/export-85cfabb44fb90a96cd2852cf4ede9549-pipe_bend_90.scn[39m[0m
  [  95% ] [90m[1msavepack[22m | Storing File: res://engine/WorldGeometry.cs[39m[0m
  [  95% ] [90m[1msavepack[22m | Storing File: res://global.json[39m[0m
  [  95% ] [90m[1msavepack[22m | Storing File: res://engine/physics/CylindricalRegion.cs[39m[0m
  [  95% ] [90m[1msavepack[22m | Storing File: res://engine/physics/LipschitzBoundarySweep.cs[39m[0m
  [  95% ] [90m[1msavepack[22m | Storing File: res://.godot/exported/133200997/export-4f9c7cfec41ce61614b70669fc4f7b81-green_receiver.res[39m[0m
  [  96% ] [90m[1msavepack[22m | Storing File: res://.godot/exported/133200997/export-2456fb9dbce54802a89098773fe22acb-flashlight.res[39m[0m
  [  96% ] [90m[1msavepack[22m | Storing File: res://.godot/exported/133200997/export-1583337675fb095fbdd242b1dbfbcce7-trampoline.res[39m[0m
  [  96% ] [90m[1msavepack[22m | Storing File: res://.godot/exported/133200997/export-7f3a2b954071d7beef416e0c57911b1f-rope_anchor.res[39m[0m
  [  96% ] [90m[1msavepack[22m | Storing File: res://engine/bridge/SimulationCommandInbox.cs[39m[0m
  [  96% ] [90m[1msavepack[22m | Storing File: res://ui/WorkshopGuidance.cs[39m[0m
  [  97% ] [90m[1msavepack[22m | Storing File: res://.godot/exported/133200997/export-cab4f751ab55b3b1847d1f66b483d624-wind_chimes.res[39m[0m
  [  97% ] [90m[1msavepack[22m | Storing File: res://.godot/exported/133200997/export-fc38046334c4beeb6504568d40996668-beam_splitter.res[39m[0m
  [  97% ] [90m[1msavepack[22m | Storing File: res://.godot/exported/133200997/export-e3937468af5cd5ef958d82ab1199623c-electrical_nand.res[39m[0m
  [  97% ] [90m[1msavepack[22m | Storing File: res://.godot/exported/133200997/export-4555c0c61e8470288e533c5001fba033-ball_detector.scn[39m[0m
  [  97% ] [90m[1msavepack[22m | Storing File: res://engine/physics/CompoundBoundsTree.cs[39m[0m
  [  98% ] [90m[1msavepack[22m | Storing File: res://engine/SceneContactLoadSensorDeclaration.cs[39m[0m
  [  98% ] [90m[1msavepack[22m | Storing File: res://engine/physics/CompliantContactLoad.cs[39m[0m
  [  98% ] [90m[1msavepack[22m | Storing File: res://engine/physics/MechanicalTransferBoundaryPath.cs[39m[0m
  [  98% ] [90m[1msavepack[22m | Storing File: res://.godot/exported/133200997/export-60ce1eb924231c0b77945b007ef31f61-white_receiver.res[39m[0m
  [  98% ] [90m[1msavepack[22m | Storing File: res://parts/scenes/hold_timer.tscn.remap[39m[0m
  [  98% ] [90m[1msavepack[22m | Storing File: res://parts/catalog/yellow_receiver.tres.remap[39m[0m
  [  98% ] [90m[1msavepack[22m | Storing File: res://parts/catalog/bellows.tres.remap[39m[0m
  [  98% ] [90m[1msavepack[22m | Storing File: res://parts/catalog/bowling.tres.remap[39m[0m
  [  98% ] [90m[1msavepack[22m | Storing File: res://parts/scenes/electrical_xor.tscn.remap[39m[0m
  [  98% ] [90m[1msavepack[22m | Storing File: res://parts/catalog/balloon.tres.remap[39m[0m
  [  98% ] [90m[1msavepack[22m | Storing File: res://parts/scenes/optical_xor.tscn.remap[39m[0m
  [  98% ] [90m[1msavepack[22m | Storing File: res://parts/scenes/wound_spring.tscn.remap[39m[0m
  [  98% ] [90m[1msavepack[22m | Storing File: res://parts/catalog/both_gate.tres.remap[39m[0m
  [  98% ] [90m[1msavepack[22m | Storing File: res://parts/scenes/cyan_receiver.tscn.remap[39m[0m
  [  98% ] [90m[1msavepack[22m | Storing File: res://parts/catalog/counter.tres.remap[39m[0m
  [  98% ] [90m[1msavepack[22m | Storing File: res://parts/catalog/fan.tres.remap[39m[0m
  [  98% ] [90m[1msavepack[22m | Storing File: res://parts/scenes/beam_combiner.tscn.remap[39m[0m
  [  98% ] [90m[1msavepack[22m | Storing File: res://parts/scenes/light_receiver.tscn.remap[39m[0m
  [  98% ] [90m[1msavepack[22m | Storing File: res://parts/scenes/domino.tscn.remap[39m[0m
  [  98% ] [90m[1msavepack[22m | Storing File: res://parts/catalog/red_filter.tres.remap[39m[0m
  [  98% ] [90m[1msavepack[22m | Storing File: res://parts/catalog/pressure_plate.tres.remap[39m[0m
  [  98% ] [90m[1msavepack[22m | Storing File: res://parts/catalog/tennis.tres.remap[39m[0m
  [  98% ] [90m[1msavepack[22m | Storing File: res://parts/scenes/red_filter.tscn.remap[39m[0m
  [  98% ] [90m[1msavepack[22m | Storing File: res://parts/catalog/blue_filter.tres.remap[39m[0m
  [  98% ] [90m[1msavepack[22m | Storing File: res://parts/scenes/pulley.tscn.remap[39m[0m
  [  98% ] [90m[1msavepack[22m | Storing File: res://parts/catalog/funnel.tres.remap[39m[0m
  [  98% ] [90m[1msavepack[22m | Storing File: res://parts/scenes/magenta_receiver.tscn.remap[39m[0m
  [  98% ] [90m[1msavepack[22m | Storing File: res://parts/scenes/wind_chimes.tscn.remap[39m[0m
  [  98% ] [90m[1msavepack[22m | Storing File: res://parts/scenes/electrical_or.tscn.remap[39m[0m
  [  98% ] [90m[1msavepack[22m | Storing File: res://parts/catalog/optical_xor.tres.remap[39m[0m
  [  98% ] [90m[1msavepack[22m | Storing File: res://parts/scenes/latch.tscn.remap[39m[0m
  [  98% ] [90m[1msavepack[22m | Storing File: res://parts/catalog/wound_spring.tres.remap[39m[0m
  [  98% ] [90m[1msavepack[22m | Storing File: res://parts/scenes/yellow_receiver.tscn.remap[39m[0m
  [  98% ] [90m[1msavepack[22m | Storing File: res://parts/scenes/pipe_bend_45.tscn.remap[39m[0m
  [  98% ] [90m[1msavepack[22m | Storing File: res://parts/catalog/clock.tres.remap[39m[0m
  [  98% ] [90m[1msavepack[22m | Storing File: res://parts/scenes/bell.tscn.remap[39m[0m
  [  98% ] [90m[1msavepack[22m | Storing File: res://parts/scenes/optical_and.tscn.remap[39m[0m
  [  98% ] [90m[1msavepack[22m | Storing File: res://parts/scenes/beam_splitter.tscn.remap[39m[0m
  [  98% ] [90m[1msavepack[22m | Storing File: res://parts/scenes/electrical_nand.tscn.remap[39m[0m
  [  98% ] [90m[1msavepack[22m | Storing File: res://parts/catalog/wall.tres.remap[39m[0m
  [  98% ] [90m[1msavepack[22m | Storing File: res://parts/scenes/beam_shutter.tscn.remap[39m[0m
  [  98% ] [90m[1msavepack[22m | Storing File: res://parts/scenes/both_gate.tscn.remap[39m[0m
  [  98% ] [90m[1msavepack[22m | Storing File: res://parts/catalog/optical_nor.tres.remap[39m[0m
  [  98% ] [90m[1msavepack[22m | Storing File: res://parts/scenes/optical_nand.tscn.remap[39m[0m
  [  98% ] [90m[1msavepack[22m | Storing File: res://parts/catalog/pipe.tres.remap[39m[0m
  [  98% ] [90m[1msavepack[22m | Storing File: res://parts/catalog/ramp.tres.remap[39m[0m
  [  98% ] [90m[1msavepack[22m | Storing File: res://parts/scenes/impact_lever.tscn.remap[39m[0m
  [  98% ] [90m[1msavepack[22m | Storing File: res://parts/catalog/electrical_nor.tres.remap[39m[0m
  [  98% ] [90m[1msavepack[22m | Storing File: res://parts/scenes/cannon.tscn.remap[39m[0m
  [  98% ] [90m[1msavepack[22m | Storing File: res://parts/scenes/delay.tscn.remap[39m[0m
  [  98% ] [90m[1msavepack[22m | Storing File: res://parts/catalog/clutch.tres.remap[39m[0m
  [  98% ] [90m[1msavepack[22m | Storing File: res://parts/scenes/wall.tscn.remap[39m[0m
  [  98% ] [90m[1msavepack[22m | Storing File: res://parts/catalog/cannon.tres.remap[39m[0m
  [  98% ] [90m[1msavepack[22m | Storing File: res://parts/scenes/green_filter.tscn.remap[39m[0m
  [  98% ] [90m[1msavepack[22m | Storing File: res://parts/catalog/lamp.tres.remap[39m[0m
  [  98% ] [90m[1msavepack[22m | Storing File: res://parts/scenes/reverse_transmission.tscn.remap[39m[0m
  [  98% ] [90m[1msavepack[22m | Storing File: res://parts/scenes/clock.tscn.remap[39m[0m
  [  98% ] [90m[1msavepack[22m | Storing File: res://parts/catalog/blue_receiver.tres.remap[39m[0m
  [  98% ] [90m[1msavepack[22m | Storing File: res://parts/scenes/green_receiver.tscn.remap[39m[0m
  [  98% ] [90m[1msavepack[22m | Storing File: res://parts/catalog/windmill.tres.remap[39m[0m
  [  98% ] [90m[1msavepack[22m | Storing File: res://parts/scenes/counter.tscn.remap[39m[0m
  [  98% ] [90m[1msavepack[22m | Storing File: res://parts/scenes/solar_panel.tscn.remap[39m[0m
  [  98% ] [90m[1msavepack[22m | Storing File: res://parts/catalog/sound_meter.tres.remap[39m[0m
  [  98% ] [90m[1msavepack[22m | Storing File: res://parts/catalog/domino.tres.remap[39m[0m
  [  98% ] [90m[1msavepack[22m | Storing File: res://parts/catalog/pipe_bend_90.tres.remap[39m[0m
  [  98% ] [90m[1msavepack[22m | Storing File: res://parts/catalog/linear_pusher.tres.remap[39m[0m
  [  98% ] [90m[1msavepack[22m | Storing File: res://parts/catalog/beam_shutter.tres.remap[39m[0m
  [  98% ] [90m[1msavepack[22m | Storing File: res://parts/scenes/sound_meter.tscn.remap[39m[0m
  [  98% ] [90m[1msavepack[22m | Storing File: res://parts/catalog/weight.tres.remap[39m[0m
  [  98% ] [90m[1msavepack[22m | Storing File: res://parts/catalog/red_receiver.tres.remap[39m[0m
  [  98% ] [90m[1msavepack[22m | Storing File: res://parts/scenes/pipe.tscn.remap[39m[0m
  [  98% ] [90m[1msavepack[22m | Storing File: res://parts/catalog/bell.tres.remap[39m[0m
  [  98% ] [90m[1msavepack[22m | Storing File: res://parts/scenes/goal_light.tscn.remap[39m[0m
  [  98% ] [90m[1msavepack[22m | Storing File: res://parts/catalog/hold_timer.tres.remap[39m[0m
  [  98% ] [90m[1msavepack[22m | Storing File: res://parts/catalog/powered_gate.tres.remap[39m[0m
  [  98% ] [90m[1msavepack[22m | Storing File: res://parts/scenes/motor.tscn.remap[39m[0m
  [  98% ] [90m[1msavepack[22m | Storing File: res://parts/catalog/beam_combiner.tres.remap[39m[0m
  [  98% ] [90m[1msavepack[22m | Storing File: res://parts/catalog/solar_panel.tres.remap[39m[0m
  [  98% ] [90m[1msavepack[22m | Storing File: res://parts/catalog/delay.tres.remap[39m[0m
  [  98% ] [90m[1msavepack[22m | Storing File: res://parts/catalog/mirror.tres.remap[39m[0m
  [  98% ] [90m[1msavepack[22m | Storing File: res://parts/scenes/fan.tscn.remap[39m[0m
  [  98% ] [90m[1msavepack[22m | Storing File: res://parts/scenes/spring.tscn.remap[39m[0m
  [  98% ] [90m[1msavepack[22m | Storing File: res://parts/scenes/speaker.tscn.remap[39m[0m
  [  98% ] [90m[1msavepack[22m | Storing File: res://parts/scenes/bellows.tscn.remap[39m[0m
  [  98% ] [90m[1msavepack[22m | Storing File: res://parts/scenes/powered_gate.tscn.remap[39m[0m
  [  98% ] [90m[1msavepack[22m | Storing File: res://parts/scenes/pressure_plate.tscn.remap[39m[0m
  [  98% ] [90m[1msavepack[22m | Storing File: res://parts/scenes/battery.tscn.remap[39m[0m
  [  98% ] [90m[1msavepack[22m | Storing File: res://parts/scenes/ball.tscn.remap[39m[0m
  [  98% ] [90m[1msavepack[22m | Storing File: res://parts/catalog/impact_lever.tres.remap[39m[0m
  [  98% ] [90m[1msavepack[22m | Storing File: res://parts/scenes/blue_filter.tscn.remap[39m[0m
  [  98% ] [90m[1msavepack[22m | Storing File: res://parts/catalog/pulley.tres.remap[39m[0m
  [  98% ] [90m[1msavepack[22m | Storing File: res://parts/scenes/laser.tscn.remap[39m[0m
  [  98% ] [90m[1msavepack[22m | Storing File: res://parts/scenes/funnel.tscn.remap[39m[0m
  [  98% ] [90m[1msavepack[22m | Storing File: res://parts/scenes/conveyor.tscn.remap[39m[0m
  [  98% ] [90m[1msavepack[22m | Storing File: res://parts/catalog/optical_or.tres.remap[39m[0m
  [  98% ] [90m[1msavepack[22m | Storing File: res://parts/catalog/electrical_or.tres.remap[39m[0m
  [  98% ] [90m[1msavepack[22m | Storing File: res://parts/scenes/optical_nor.tscn.remap[39m[0m
  [  98% ] [90m[1msavepack[22m | Storing File: res://parts/catalog/ball.tres.remap[39m[0m
  [  98% ] [90m[1msavepack[22m | Storing File: res://parts/scenes/flashlight.tscn.remap[39m[0m
  [  98% ] [90m[1msavepack[22m | Storing File: res://parts/catalog/laser.tres.remap[39m[0m
  [  98% ] [90m[1msavepack[22m | Storing File: res://parts/scenes/white_receiver.tscn.remap[39m[0m
  [  98% ] [90m[1msavepack[22m | Storing File: res://parts/catalog/latch.tres.remap[39m[0m
  [  98% ] [90m[1msavepack[22m | Storing File: res://parts/scenes/optical_or.tscn.remap[39m[0m
  [  98% ] [90m[1msavepack[22m | Storing File: res://parts/scenes/basket.tscn.remap[39m[0m
  [  98% ] [90m[1msavepack[22m | Storing File: res://scenes/workshop.tscn.remap[39m[0m
  [  98% ] [90m[1msavepack[22m | Storing File: res://parts/scenes/blue_receiver.tscn.remap[39m[0m
  [  98% ] [90m[1msavepack[22m | Storing File: res://parts/scenes/rope_anchor.tscn.remap[39m[0m
  [  98% ] [90m[1msavepack[22m | Storing File: res://parts/scenes/electrical_nor.tscn.remap[39m[0m
  [  98% ] [90m[1msavepack[22m | Storing File: res://parts/catalog/optical_nand.tres.remap[39m[0m
  [  98% ] [90m[1msavepack[22m | Storing File: res://parts/catalog/reverse_transmission.tres.remap[39m[0m
  [  98% ] [90m[1msavepack[22m | Storing File: res://parts/catalog/motor.tres.remap[39m[0m
  [  98% ] [90m[1msavepack[22m | Storing File: res://parts/catalog/basket.tres.remap[39m[0m
  [  98% ] [90m[1msavepack[22m | Storing File: res://parts/catalog/speaker.tres.remap[39m[0m
  [  98% ] [90m[1msavepack[22m | Storing File: res://parts/catalog/magenta_receiver.tres.remap[39m[0m
  [  98% ] [90m[1msavepack[22m | Storing File: res://parts/scenes/weight.tscn.remap[39m[0m
  [  98% ] [90m[1msavepack[22m | Storing File: res://parts/catalog/spring.tres.remap[39m[0m
  [  98% ] [90m[1msavepack[22m | Storing File: res://parts/scenes/mirror.tscn.remap[39m[0m
  [  98% ] [90m[1msavepack[22m | Storing File: res://parts/scenes/bumper.tscn.remap[39m[0m
  [  98% ] [90m[1msavepack[22m | Storing File: res://parts/catalog/green_filter.tres.remap[39m[0m
  [  98% ] [90m[1msavepack[22m | Storing File: res://parts/scenes/switch.tscn.remap[39m[0m
  [  98% ] [90m[1msavepack[22m | Storing File: res://parts/catalog/switch.tres.remap[39m[0m
  [  98% ] [90m[1msavepack[22m | Storing File: res://parts/scenes/linear_pusher.tscn.remap[39m[0m
  [  98% ] [90m[1msavepack[22m | Storing File: res://parts/catalog/conveyor.tres.remap[39m[0m
  [  98% ] [90m[1msavepack[22m | Storing File: res://parts/catalog/optical_and.tres.remap[39m[0m
  [  98% ] [90m[1msavepack[22m | Storing File: res://parts/catalog/cyan_receiver.tres.remap[39m[0m
  [  98% ] [90m[1msavepack[22m | Storing File: res://parts/catalog/bumper.tres.remap[39m[0m
  [  98% ] [90m[1msavepack[22m | Storing File: res://parts/scenes/red_receiver.tscn.remap[39m[0m
  [  98% ] [90m[1msavepack[22m | Storing File: res://parts/catalog/ball_detector.tres.remap[39m[0m
  [  98% ] [90m[1msavepack[22m | Storing File: res://parts/catalog/pipe_bend_45.tres.remap[39m[0m
  [  98% ] [90m[1msavepack[22m | Storing File: res://parts/scenes/windmill.tscn.remap[39m[0m
  [  98% ] [90m[1msavepack[22m | Storing File: res://parts/catalog/battery.tres.remap[39m[0m
  [  98% ] [90m[1msavepack[22m | Storing File: res://parts/scenes/clutch.tscn.remap[39m[0m
  [  98% ] [90m[1msavepack[22m | Storing File: res://parts/scenes/ramp.tscn.remap[39m[0m
  [  98% ] [90m[1msavepack[22m | Storing File: res://parts/scenes/trampoline.tscn.remap[39m[0m
  [  98% ] [90m[1msavepack[22m | Storing File: res://parts/catalog/electrical_xor.tres.remap[39m[0m
  [  98% ] [90m[1msavepack[22m | Storing File: res://parts/catalog/light_receiver.tres.remap[39m[0m
  [  98% ] [90m[1msavepack[22m | Storing File: res://parts/scenes/pipe_bend_90.tscn.remap[39m[0m
  [  98% ] [90m[1msavepack[22m | Storing File: res://parts/catalog/green_receiver.tres.remap[39m[0m
  [  98% ] [90m[1msavepack[22m | Storing File: res://parts/catalog/flashlight.tres.remap[39m[0m
  [  98% ] [90m[1msavepack[22m | Storing File: res://parts/catalog/trampoline.tres.remap[39m[0m
  [  98% ] [90m[1msavepack[22m | Storing File: res://parts/catalog/rope_anchor.tres.remap[39m[0m
  [  98% ] [90m[1msavepack[22m | Storing File: res://parts/catalog/wind_chimes.tres.remap[39m[0m
  [  98% ] [90m[1msavepack[22m | Storing File: res://parts/catalog/beam_splitter.tres.remap[39m[0m
  [  98% ] [90m[1msavepack[22m | Storing File: res://parts/catalog/electrical_nand.tres.remap[39m[0m
  [  98% ] [90m[1msavepack[22m | Storing File: res://parts/scenes/ball_detector.tscn.remap[39m[0m
  [  98% ] [90m[1msavepack[22m | Storing File: res://parts/catalog/white_receiver.tres.remap[39m[0m
  [  98% ] [90m[1msavepack[22m | Storing File: res://.godot/global_script_class_cache.cfg[39m[0m
  [  98% ] [90m[1msavepack[22m | Storing File: res://.godot/uid_cache.bin[39m[0m
  [  98% ] [90m[1msavepack[22m | Storing File: res://project.binary[39m[0m
  [92m[ DONE ][39m [1msavepack[22m
  [0m
  CuriousContraptions.web -> /Users/aidan/dev/personal/tim/CuriousContraptions.web/bin/Release/net10.0/browser-wasm/publish/
  [3/4] skipped unchanged files
  Compiling native assets with /Users/aidan/.dotnet/packs/Microsoft.NET.Runtime.Emscripten.3.1.56.Sdk.osx-arm64/10.0.12/Sdk/../tools/emscripten/emcc with -Oz. This may take a while ...
  [4/4] runtime.c -> runtime.o [took 0.566s]
  Linking for initial memory $(WasmInitialHeapSize)=256MB bytes. Set this msbuild property to change the value.
  Linking with emcc with -O2. This may take a while ...
   /Users/aidan/.dotnet/packs/Microsoft.NET.Runtime.Emscripten.3.1.56.Sdk.osx-arm64/10.0.12/tools/bin/clang --version
   /Users/aidan/.dotnet/packs/Microsoft.NET.Runtime.Emscripten.3.1.56.Node.osx-arm64/10.0.12/tools/bin/node /Users/aidan/.dotnet/packs/Microsoft.NET.Runtime.Emscripten.3.1.56.Sdk.osx-arm64/10.0.12/tools/emscripten/src/compiler.mjs /var/folders/bg/f_3jxb251pnfck7qpwb9xmxc0000gn/T/tmp_b00qt3u.json --symbols-only
   /Users/aidan/.dotnet/packs/Microsoft.NET.Runtime.Emscripten.3.1.56.Sdk.osx-arm64/10.0.12/tools/bin/wasm-ld -o /Users/aidan/dev/personal/tim/CuriousContraptions.web/obj/Release/net10.0/browser-wasm/wasm/for-publish/dotnet.native.wasm /Users/aidan/.nuget/packages//2dog.browser-wasm.release/4.7.2.6/godot-web/libgodot/libgodot.a /Users/aidan/dev/personal/tim/CuriousContraptions.web/obj/Release/net10.0/browser-wasm/wasm/for-publish/pinvoke.o /Users/aidan/dev/personal/tim/CuriousContraptions.web/obj/Release/net10.0/browser-wasm/wasm/for-publish/driver.o /Users/aidan/dev/personal/tim/CuriousContraptions.web/obj/Release/net10.0/browser-wasm/wasm/for-publish/corebindings.o /Users/aidan/dev/personal/tim/CuriousContraptions.web/obj/Release/net10.0/browser-wasm/wasm/for-publish/runtime.o /Users/aidan/.dotnet/packs/Microsoft.NETCore.App.Runtime.Mono.browser-wasm/10.0.12/runtimes/browser-wasm/native/libbrotlicommon.a /Users/aidan/.dotnet/packs/Microsoft.NETCore.App.Runtime.Mono.browser-wasm/10.0.12/runtimes/browser-wasm/native/libbrotlidec.a /Users/aidan/.dotnet/packs/Microsoft.NETCore.App.Runtime.Mono.browser-wasm/10.0.12/runtimes/browser-wasm/native/libbrotlienc.a /Users/aidan/.dotnet/packs/Microsoft.NETCore.App.Runtime.Mono.browser-wasm/10.0.12/runtimes/browser-wasm/native/libicudata.a /Users/aidan/.dotnet/packs/Microsoft.NETCore.App.Runtime.Mono.browser-wasm/10.0.12/runtimes/browser-wasm/native/libicui18n.a /Users/aidan/.dotnet/packs/Microsoft.NETCore.App.Runtime.Mono.browser-wasm/10.0.12/runtimes/browser-wasm/native/libicuuc.a /Users/aidan/.dotnet/packs/Microsoft.NETCore.App.Runtime.Mono.browser-wasm/10.0.12/runtimes/browser-wasm/native/libmono-component-debugger-stub-static.a /Users/aidan/.dotnet/packs/Microsoft.NETCore.App.Runtime.Mono.browser-wasm/10.0.12/runtimes/browser-wasm/native/libmono-component-diagnostics_tracing-stub-static.a /Users/aidan/.dotnet/packs/Microsoft.NETCore.App.Runtime.Mono.browser-wasm/10.0.12/runtimes/browser-wasm/native/libmono-component-hot_reload-stub-static.a /Users/aidan/.dotnet/packs/Microsoft.NETCore.App.Runtime.Mono.browser-wasm/10.0.12/runtimes/browser-wasm/native/libmono-component-marshal-ilgen-static.a /Users/aidan/.dotnet/packs/Microsoft.NETCore.App.Runtime.Mono.browser-wasm/10.0.12/runtimes/browser-wasm/native/libmono-component-marshal-ilgen-stub-static.a /Users/aidan/.dotnet/packs/Microsoft.NETCore.App.Runtime.Mono.browser-wasm/10.0.12/runtimes/browser-wasm/native/libmono-ee-interp.a /Users/aidan/.dotnet/packs/Microsoft.NETCore.App.Runtime.Mono.browser-wasm/10.0.12/runtimes/browser-wasm/native/libmono-icall-table.a /Users/aidan/.dotnet/packs/Microsoft.NETCore.App.Runtime.Mono.browser-wasm/10.0.12/runtimes/browser-wasm/native/libmono-profiler-aot.a /Users/aidan/.dotnet/packs/Microsoft.NETCore.App.Runtime.Mono.browser-wasm/10.0.12/runtimes/browser-wasm/native/libmono-profiler-browser.a /Users/aidan/.dotnet/packs/Microsoft.NETCore.App.Runtime.Mono.browser-wasm/10.0.12/runtimes/browser-wasm/native/libmono-profiler-log.a /Users/aidan/.dotnet/packs/Microsoft.NETCore.App.Runtime.Mono.browser-wasm/10.0.12/runtimes/browser-wasm/native/libmono-wasm-eh-wasm.a /Users/aidan/.dotnet/packs/Microsoft.NETCore.App.Runtime.Mono.browser-wasm/10.0.12/runtimes/browser-wasm/native/libmono-wasm-simd.a /Users/aidan/.dotnet/packs/Microsoft.NETCore.App.Runtime.Mono.browser-wasm/10.0.12/runtimes/browser-wasm/native/libmonosgen-2.0.a /Users/aidan/.dotnet/packs/Microsoft.NETCore.App.Runtime.Mono.browser-wasm/10.0.12/runtimes/browser-wasm/native/libSystem.Globalization.Native.a /Users/aidan/.dotnet/packs/Microsoft.NETCore.App.Runtime.Mono.browser-wasm/10.0.12/runtimes/browser-wasm/native/libSystem.IO.Compression.Native.a /Users/aidan/.dotnet/packs/Microsoft.NETCore.App.Runtime.Mono.browser-wasm/10.0.12/runtimes/browser-wasm/native/libSystem.Native.a /Users/aidan/.dotnet/packs/Microsoft.NETCore.App.Runtime.Mono.browser-wasm/10.0.12/runtimes/browser-wasm/native/libz.a /Users/aidan/.dotnet/packs/Microsoft.NETCore.App.Runtime.Mono.browser-wasm/10.0.12/runtimes/browser-wasm/native/wasm-bundled-timezones.a -L/Users/aidan/.dotnet/packs/Microsoft.NET.Runtime.Emscripten.3.1.56.Cache.osx-arm64/10.0.12/tools/emscripten/cache/sysroot/lib/wasm32-emscripten -lGL-webgl2-ofb -lal -lhtml5 -lbulkmemory -lstubs -lc -ldlmalloc -lcompiler_rt-wasm-sjlj -lc++-except -lc++abi-except -lunwind-except -lsockets -mllvm -combiner-global-alias-analysis=false -mllvm -wasm-enable-sjlj -mllvm -disable-lsr -mllvm -wasm-enable-eh -mllvm -exception-model=wasm /var/folders/bg/f_3jxb251pnfck7qpwb9xmxc0000gn/T/tmpa9_614enlibemscripten_js_symbols.so --export=malloc --export=free --export=htons --export=sbrk --export=memalign --export=posix_memalign --export=memset --export=ntohs --export=stackAlloc --export=stackRestore --export=stackSave --export=fmod --export=atan2 --export=fma --export=pow --export=fmodf --export=atan2f --export=fmaf --export=powf --export=asin --export=asinh --export=acos --export=acosh --export=atan --export=atanh --export=cbrt --export=cos --export=cosh --export=exp --export=log --export=log2 --export=log10 --export=sin --export=sinh --export=tan --export=tanh --export=asinf --export=asinhf --export=acosf --export=acoshf --export=atanf --export=atanhf --export=cbrtf --export=cosf --export=coshf --export=expf --export=logf --export=log2f --export=log10f --export=sinf --export=sinhf --export=tanf --export=tanhf --export=__cpp_exception --export=stackAlloc --export=__funcs_on_exit --export=__trap --export=__wasm_call_ctors --export=stackSave --export=stackRestore --export-if-defined=__start_em_asm --export-if-defined=__stop_em_asm --export-if-defined=__start_em_lib_deps --export-if-defined=__stop_em_lib_deps --export-if-defined=__start_em_js --export-if-defined=__stop_em_js --export-if-defined=fflush --export-table --growable-table -z stack-size=5242880 --max-memory=2147483648 --initial-memory=268435456 --no-entry --table-base=1 --global-base=1024
   /Users/aidan/.dotnet/packs/Microsoft.NET.Runtime.Emscripten.3.1.56.Sdk.osx-arm64/10.0.12/tools/bin/llvm-objcopy /Users/aidan/dev/personal/tim/CuriousContraptions.web/obj/Release/net10.0/browser-wasm/wasm/for-publish/dotnet.native.wasm /Users/aidan/dev/personal/tim/CuriousContraptions.web/obj/Release/net10.0/browser-wasm/wasm/for-publish/dotnet.native.wasm --remove-section=producers
   /Users/aidan/.dotnet/packs/Microsoft.NET.Runtime.Emscripten.3.1.56.Node.osx-arm64/10.0.12/tools/bin/node /Users/aidan/.dotnet/packs/Microsoft.NET.Runtime.Emscripten.3.1.56.Sdk.osx-arm64/10.0.12/tools/emscripten/src/compiler.mjs /var/folders/bg/f_3jxb251pnfck7qpwb9xmxc0000gn/T/tmp2d7fr8ef.json
   /Users/aidan/.dotnet/packs/Microsoft.NET.Runtime.Emscripten.3.1.56.Sdk.osx-arm64/10.0.12/tools/bin/wasm-opt --strip-target-features --post-emscripten -O2 --low-memory-unused --zero-filled-memory --pass-arg=directize-initial-contents-immutable /Users/aidan/dev/personal/tim/CuriousContraptions.web/obj/Release/net10.0/browser-wasm/wasm/for-publish/dotnet.native.wasm -o /Users/aidan/dev/personal/tim/CuriousContraptions.web/obj/Release/net10.0/browser-wasm/wasm/for-publish/dotnet.native.wasm -g --mvp-features --enable-bulk-memory --enable-exception-handling --enable-multivalue --enable-mutable-globals --enable-reference-types --enable-sign-ext --enable-simd
   /Users/aidan/.dotnet/packs/Microsoft.NET.Runtime.Emscripten.3.1.56.Sdk.osx-arm64/10.0.12/tools/bin/wasm-opt --print-function-map --quiet /Users/aidan/dev/personal/tim/CuriousContraptions.web/obj/Release/net10.0/browser-wasm/wasm/for-publish/dotnet.native.wasm --mvp-features --enable-bulk-memory --enable-exception-handling --enable-multivalue --enable-mutable-globals --enable-reference-types --enable-sign-ext --enable-simd
  Generated app bundle at /Users/aidan/dev/personal/tim/CuriousContraptions.web/AppBundle/
  TwoDog: web app bundle finalized at /Users/aidan/dev/personal/tim/CuriousContraptions.web/AppBundle/
  TwoDog: deployed godot.pck to the app bundle
  TwoDog: wrote 74 precompressed sibling file(s)
